Full Name,Team,League,season,Age,Position,Role,Appearances,Time Played,Goals,Goals_p90,xG,xG_p90,npxG,npxG_p90,xGoT,xGoTA,SGA,Goals prevented per xGoT,Assists,Assists_p90,xA,xA_p90,opxA,opxA_p90,xOVA,xOVA_p90,xThreat,xThreat_p90,xThreat from passes,xThreat from passes_p90,xThreat from carries,xThreat from carries_p90
Moussa Diaby,Bayer 04 Leverkusen,Bundesliga,2022,23,Forward,WAM,5,441,0,,1.193,0.244,1.193,0.244,0.945,,0.041,,1,0.204,1.739,0.355,1.738,0.355,2.495,0.509,1.018,0.208,0.544,0.111,0.475,0.097
Leroy Sané,FC Bayern München,Bundesliga,2022,26,Forward,WAM,5,335,2,0.537,2.668,0.717,2.668,0.717,4.273,,2.072,,1,0.269,1.457,0.391,1.457,0.391,2.285,0.614,0.527,0.142,0.357,0.096,0.17,0.046
Christopher Nkunku,RB Leipzig,Bundesliga,2022,24,Forward,CM,5,450,4,0.8,3.902,0.78,3.12,0.624,4.447,,1.277,,0,,0.376,0.075,0.237,0.047,2.14,0.428,0.333,0.067,0.183,0.037,0.15,0.03
Marcus Thuram,Borussia Mönchengladbach,Bundesliga,2022,25,Forward,WAM,5,450,3,0.6,3.73,0.746,3.73,0.746,3.466,,0.675,,1,0.2,0.119,0.024,0.119,0.024,2.031,0.406,0.593,0.119,0.03,0.006,0.563,0.113
Sadio Mané,FC Bayern München,Bundesliga,2022,30,Forward,WAM,5,400,3,0.675,3.961,0.891,3.18,0.715,4.42,,1.772,,0,,0.409,0.092,0.409,0.092,2.021,0.455,0.392,0.088,0.105,0.024,0.287,0.065
Silas Mvumpa,VfB Stuttgart,Bundesliga,2022,23,Forward,WAM,5,419,1,0.215,2.302,0.494,2.302,0.494,2.421,,0.524,,1,0.215,0.561,0.121,0.561,0.12,1.989,0.427,0.947,0.203,0.522,0.112,0.426,0.091
Florian Kainz,1. FC Köln,Bundesliga,2022,29,Midfielder,WAM,5,371,2,0.485,1.666,0.404,0.884,0.214,2.154,,0.694,,3,0.728,1.982,0.481,1.266,0.307,1.951,0.473,0.891,0.216,0.806,0.196,0.085,0.021
Thomas Müller,FC Bayern München,Bundesliga,2022,32,Forward,WAM,5,340,1,0.265,1.776,0.47,1.776,0.47,1.379,,0.493,,2,0.529,1.613,0.427,1.61,0.426,1.902,0.504,0.434,0.115,0.3,0.079,0.134,0.036
Vincenzo Grifo,Sport-Club Freiburg,Bundesliga,2022,29,Midfielder,WAM,5,400,3,0.675,2.55,0.574,1.768,0.398,2.583,,0.3,,1,0.225,1.19,0.268,0.567,0.128,1.881,0.423,0.513,0.115,0.424,0.095,0.089,0.02
Dani Olmo,RB Leipzig,Bundesliga,2022,24,Midfielder,CAM,5,351,0,,0.585,0.15,0.585,0.15,0.073,,-0.024,,2,0.513,1.65,0.423,1.478,0.379,1.846,0.473,0.55,0.141,0.477,0.122,0.073,0.019
Ritsu Doan,Sport-Club Freiburg,Bundesliga,2022,24,Forward,WAM,5,345,2,0.522,1.658,0.433,1.658,0.433,2.504,,1.027,,0,,0.326,0.085,0.326,0.085,1.777,0.464,0.394,0.103,0.202,0.053,0.192,0.05
Alassane Plea,Borussia Mönchengladbach,Bundesliga,2022,29,Forward,FW,5,373,1,0.241,1.595,0.385,0.813,0.196,1.89,,0.496,,2,0.483,1.366,0.33,1.366,0.33,1.744,0.421,1.355,0.327,1.082,0.261,0.274,0.066
Sheraldo Becker,1. FC Union Berlin,Bundesliga,2022,27,Forward,WAM,5,360,5,1.25,1.547,0.387,1.547,0.387,2.512,,1.074,,2,0.5,0.522,0.131,0.522,0.131,1.653,0.413,0.469,0.117,0.302,0.076,0.167,0.042
Mario Götze,Eintracht Frankfurt,Bundesliga,2022,30,Midfielder,CAM,5,422,1,0.213,0.748,0.16,0.748,0.16,0.605,,-0.128,,0,,1.044,0.223,1.017,0.217,1.614,0.344,0.341,0.073,0.265,0.057,0.076,0.016
Sargis Adamyan,1. FC Köln,Bundesliga,2022,29,Forward,FW,5,171,1,0.526,1.654,0.871,1.654,0.871,1.269,,0.619,,0,,0.22,0.116,0.219,0.116,1.454,0.765,0.219,0.115,0.094,0.049,0.125,0.066
Kingsley Coman,FC Bayern München,Bundesliga,2022,26,Forward,WAM,3,253,1,0.356,0.912,0.324,0.912,0.324,0.784,,0.296,,2,0.711,0.753,0.268,0.742,0.264,1.427,0.508,0.363,0.129,0.211,0.075,0.152,0.054
Jeremie Frimpong,Bayer 04 Leverkusen,Bundesliga,2022,21,Defender,FB,5,428,2,0.421,0.964,0.203,0.964,0.203,1.608,,0.563,,0,,0.797,0.168,0.791,0.166,1.392,0.293,0.814,0.171,0.468,0.098,0.346,0.073
Rodrigo Zalazar,FC Schalke 04,Bundesliga,2022,23,Midfielder,CM,5,291,1,0.309,1.706,0.528,1.706,0.528,1.151,,0.504,,0,,0.249,0.077,0.249,0.077,1.368,0.423,0.263,0.081,0.191,0.059,0.072,0.022
Niclas Füllkrug,SV Werder Bremen,Bundesliga,2022,29,Forward,FW,5,440,5,1.023,3.559,0.728,1.996,0.408,2.788,,0.567,,0,,0.307,0.063,0.307,0.063,1.361,0.278,0.4,0.082,0.24,0.049,0.16,0.033
Michael Gregoritsch,Sport-Club Freiburg,Bundesliga,2022,28,Forward,FW,5,384,3,0.703,2.827,0.663,2.827,0.663,4.096,,1.393,,1,0.234,0.317,0.074,0.317,0.074,1.346,0.316,0.377,0.088,0.313,0.073,0.064,0.015
Jude Bellingham,Borussia Dortmund,Bundesliga,2022,19,Midfielder,CM,5,450,0,,1.434,0.287,1.434,0.287,0.355,,0.093,,0,,0.553,0.111,0.552,0.11,1.305,0.261,0.631,0.126,0.272,0.054,0.358,0.072
Georginio Rutter,TSG Hoffenheim,Bundesliga,2022,20,Forward,FW,5,343,1,0.262,1.03,0.27,1.03,0.27,0.527,,0.385,,0,,0.639,0.168,0.639,0.168,1.292,0.339,0.792,0.208,0.246,0.065,0.546,0.143
Kerem Demirbay,Bayer 04 Leverkusen,Bundesliga,2022,29,Midfielder,CM,5,280,1,0.321,0.868,0.279,0.868,0.279,0.774,,0.002,,0,,0.938,0.301,0.502,0.161,1.241,0.399,0.24,0.077,0.194,0.062,0.046,0.015
Jamal Musiala,FC Bayern München,Bundesliga,2022,19,Forward,CAM,4,258,3,1.047,2.192,0.765,2.192,0.765,2.336,,0.658,,1,0.349,0.682,0.238,0.682,0.238,1.239,0.432,0.274,0.095,0.199,0.069,0.075,0.026
Dodi Lukébakio,Hertha BSC,Bundesliga,2022,24,Forward,WAM,5,427,2,0.422,1.282,0.27,1.282,0.27,1.647,,1.221,,1,0.211,0.608,0.128,0.608,0.128,1.202,0.253,0.576,0.121,0.218,0.046,0.358,0.075
Daichi Kamada,Eintracht Frankfurt,Bundesliga,2022,26,Midfielder,CAM,4,287,3,0.941,2.153,0.675,2.153,0.675,2.222,,0.934,,1,0.314,0.724,0.227,0.6,0.188,1.182,0.371,0.019,0.006,-0.063,-0.02,0.082,0.026
Marco Reus,Borussia Dortmund,Bundesliga,2022,33,Midfielder,WAM,5,449,2,0.401,1.57,0.315,1.57,0.315,1.566,,0.615,,2,0.401,0.26,0.052,0.259,0.052,1.081,0.217,0.221,0.044,0.108,0.022,0.113,0.023
Benjamin Pavard,FC Bayern München,Bundesliga,2022,26,Defender,CB,5,419,1,0.215,0.387,0.083,0.387,0.083,0.388,,0.296,,0,,1.001,0.215,0.991,0.213,1.043,0.224,0.749,0.161,0.717,0.154,0.031,0.007
Serge Gnabry,FC Bayern München,Bundesliga,2022,27,Forward,WAM,5,172,2,1.047,0.959,0.502,0.959,0.502,1.108,,0.437,,1,0.523,0.541,0.283,0.541,0.283,1.015,0.531,0.328,0.172,0.076,0.04,0.253,0.132
Maximilian Arnold,VfL Wolfsburg,Bundesliga,2022,28,Midfielder,CM,5,410,0,,0.149,0.033,0.149,0.033,0.024,,-0.006,,0,,1.381,0.303,0.942,0.207,0.991,0.217,0.496,0.109,0.43,0.094,0.066,0.015
Roland Sallai,Sport-Club Freiburg,Bundesliga,2022,25,Midfielder,CAM,5,322,0,,1.556,0.435,1.556,0.435,1.264,,0.197,,0,,0.179,0.05,0.179,0.05,0.973,0.272,0.098,0.027,0.035,0.01,0.062,0.017
Christoph Baumgartner,TSG Hoffenheim,Bundesliga,2022,23,Midfielder,CAM,5,343,2,0.525,1.123,0.295,1.123,0.295,1.67,,0.778,,0,,0.34,0.089,0.34,0.089,0.952,0.25,0.399,0.105,0.308,0.081,0.091,0.024
Ridle Baku,VfL Wolfsburg,Bundesliga,2022,24,Midfielder,CM,5,391,0,,0.464,0.107,0.464,0.107,0.282,,-0.042,,0,,0.734,0.169,0.654,0.15,0.892,0.205,0.734,0.169,0.6,0.138,0.135,0.031
Randal Kolo Muani,Eintracht Frankfurt,Bundesliga,2022,23,Forward,FW,5,375,2,0.48,1.222,0.293,1.222,0.293,1.74,,0.801,,4,0.96,0.929,0.223,0.929,0.223,0.846,0.203,0.676,0.162,0.385,0.092,0.291,0.07
Jamie Bynoe-Gittens,Borussia Dortmund,Bundesliga,2022,18,Forward,CM,4,161,1,0.559,1.202,0.672,1.202,0.672,0.221,,-0.15,,0,,0.22,0.123,0.22,0.123,0.836,0.468,0.385,0.215,0.19,0.106,0.195,0.109
Chris Führich,VfB Stuttgart,Bundesliga,2022,24,Midfielder,WAM,5,355,1,0.254,0.598,0.152,0.598,0.152,0.793,,0.398,,0,,0.535,0.136,0.439,0.111,0.833,0.211,0.379,0.096,0.314,0.08,0.065,0.016
Anton Stach,1. FSV Mainz 05,Bundesliga,2022,23,Midfielder,CM,5,364,0,,0.63,0.156,0.63,0.156,0.88,,0.395,,1,0.247,0.617,0.153,0.485,0.12,0.817,0.202,0.391,0.097,0.242,0.06,0.149,0.037
Takuma Asano,VfL Bochum 1848,Bundesliga,2022,27,Forward,FW,5,399,0,,0.374,0.084,0.374,0.084,0.341,,0.194,,0,,0.642,0.145,0.642,0.145,0.813,0.183,0.183,0.041,0.205,0.046,-0.022,-0.005
Jesper Lindstrøm,Eintracht Frankfurt,Bundesliga,2022,22,Midfielder,CAM,5,289,1,0.311,1.131,0.352,1.131,0.352,0.78,,0.252,,0,,0.19,0.059,0.088,0.027,0.804,0.251,0.379,0.118,0.068,0.021,0.312,0.097
Benno Schmitz,1. FC Köln,Bundesliga,2022,27,Defender,FB,4,298,0,,0.085,0.026,0.085,0.026,,,,,0,,0.808,0.244,0.799,0.241,0.794,0.24,0.197,0.059,0.127,0.038,0.07,0.021
Jonas Hector,1. FC Köln,Bundesliga,2022,32,Midfielder,DMC,5,450,0,,0.235,0.047,0.235,0.047,,,,,1,0.2,1.551,0.31,1.33,0.266,0.778,0.156,0.439,0.088,0.595,0.119,-0.156,-0.031
Benjamin Henrichs,RB Leipzig,Bundesliga,2022,25,Defender,FB,5,402,0,,0.112,0.025,0.112,0.025,,,,,1,0.224,0.757,0.169,0.754,0.169,0.766,0.172,0.396,0.089,0.385,0.086,0.011,0.002
Silvan Widmer,1. FSV Mainz 05,Bundesliga,2022,29,Defender,FB,4,345,0,,1.047,0.273,1.047,0.273,0.512,,0.084,,0,,0.185,0.048,0.179,0.047,0.758,0.198,0.393,0.103,0.31,0.081,0.083,0.022
Thorgan Hazard,Borussia Dortmund,Bundesliga,2022,29,Midfielder,WAM,5,209,0,,1.076,0.463,1.076,0.463,1.074,,0.087,,0,,0.236,0.102,0.234,0.101,0.739,0.318,0.338,0.146,0.191,0.082,0.147,0.063
Simon Zoller,VfL Bochum 1848,Bundesliga,2022,31,Forward,FW,5,412,2,0.437,2.367,0.517,2.367,0.517,2.805,,0.956,,0,,0.105,0.023,0.104,0.023,0.737,0.161,0.358,0.078,-0.025,-0.006,0.383,0.084
Angeliño,TSG Hoffenheim,Bundesliga,2022,25,Defender,FB,4,360,0,,0.119,0.03,0.119,0.03,0.032,,0.005,,0,,0.725,0.181,0.687,0.172,0.728,0.182,0.246,0.062,0.237,0.059,0.009,0.002
Joshua Kimmich,FC Bayern München,Bundesliga,2022,27,Midfielder,FB,5,422,2,0.427,0.691,0.147,0.691,0.147,0.806,,0.327,,2,0.427,1.33,0.284,0.818,0.174,0.714,0.152,0.312,0.066,0.648,0.138,-0.336,-0.072
Christian Günter,Sport-Club Freiburg,Bundesliga,2022,29,Defender,FB,5,450,0,,0.715,0.143,0.715,0.143,0.7,,0.218,,0,,0.406,0.081,0.212,0.042,0.7,0.14,0.124,0.025,0.025,0.005,0.099,0.02
Konstantinos Mavropanos,VfB Stuttgart,Bundesliga,2022,24,Defender,CB,5,450,0,,1.145,0.229,1.145,0.229,0.517,,0.322,,0,,0.224,0.045,0.219,0.044,0.699,0.14,0.142,0.028,0.25,0.05,-0.108,-0.022
Kevin Stöger,VfL Bochum 1848,Bundesliga,2022,29,Midfielder,CAM,5,450,1,0.2,0.359,0.072,0.359,0.072,0.091,,0.067,,1,0.2,1.043,0.209,0.698,0.14,0.698,0.14,0.674,0.135,0.597,0.119,0.077,0.015
Karim Onisiwo,1. FSV Mainz 05,Bundesliga,2022,30,Forward,FW,5,429,3,0.629,1.123,0.236,1.123,0.236,1.419,,0.653,,0,,0.356,0.075,0.356,0.075,0.671,0.141,0.187,0.039,0.15,0.031,0.037,0.008
Andrej Kramaric,TSG Hoffenheim,Bundesliga,2022,31,Forward,FW,5,426,1,0.211,2.006,0.424,1.224,0.259,2.017,,0.458,,2,0.423,0.353,0.074,0.352,0.074,0.617,0.13,0.259,0.055,-0.043,-0.009,0.302,0.064
Alphonso Davies,FC Bayern München,Bundesliga,2022,21,Defender,FB,4,355,0,,0.169,0.043,0.169,0.043,0.215,,0.046,,0,,0.68,0.172,0.678,0.172,0.613,0.155,0.773,0.196,0.436,0.111,0.336,0.085
Tuta,Eintracht Frankfurt,Bundesliga,2022,23,Defender,CB,5,441,1,0.204,0.66,0.135,0.66,0.135,0.789,,0.192,,0,,0.058,0.012,0.058,0.012,0.609,0.124,0.213,0.043,0.183,0.037,0.03,0.006
Wilfried Kanga,Hertha BSC,Bundesliga,2022,24,Forward,WAM,5,349,0,,1.273,0.328,1.273,0.328,0.412,,-0.186,,0,,0.238,0.061,0.238,0.061,0.605,0.156,-0.093,-0.024,-0.032,-0.008,-0.062,-0.016
Matthijs de Ligt,FC Bayern München,Bundesliga,2022,23,Defender,CB,4,193,1,0.466,0.696,0.324,0.696,0.324,0.994,,0.336,,0,,0.112,0.052,0.112,0.052,0.604,0.281,0.275,0.128,0.126,0.059,0.148,0.069
Christoph Kramer,Borussia Mönchengladbach,Bundesliga,2022,31,Midfielder,DMC,5,450,0,,0.015,0.003,0.015,0.003,,,,,0,,0.653,0.131,0.647,0.129,0.601,0.12,0.492,0.098,0.473,0.095,0.019,0.004
Anthony Modeste,Borussia Dortmund,Bundesliga,2022,34,Forward,FW,4,347,1,0.259,1.063,0.276,1.063,0.276,1.024,,0.73,,0,,0.156,0.041,0.156,0.041,0.601,0.156,0.103,0.027,-0.022,-0.006,0.125,0.032
Jonjoe Kenny,Hertha BSC,Bundesliga,2022,25,Defender,FB,5,450,0,,0.234,0.047,0.234,0.047,0.342,,0.248,,0,,0.426,0.085,0.417,0.083,0.6,0.12,0.575,0.115,0.52,0.104,0.055,0.011
Marius Wolf,Borussia Dortmund,Bundesliga,2022,27,Midfielder,WAM,5,291,1,0.309,0.202,0.062,0.202,0.062,0.606,,0.503,,0,,0.497,0.154,0.491,0.152,0.599,0.185,0.365,0.113,0.232,0.072,0.133,0.041
Borna Sosa,VfB Stuttgart,Bundesliga,2022,24,Defender,FB,4,225,0,,0.18,0.072,0.18,0.072,0.122,,-0.058,,0,,0.754,0.301,0.513,0.205,0.59,0.236,0.18,0.072,0.156,0.062,0.024,0.01
Marvin Ducksch,SV Werder Bremen,Bundesliga,2022,28,Forward,FW,5,425,0,,0.773,0.164,0.773,0.164,1.621,,1.121,,2,0.424,1.017,0.215,0.964,0.204,0.587,0.124,0.769,0.163,0.519,0.11,0.25,0.053
Nicolas Höfler,Sport-Club Freiburg,Bundesliga,2022,32,Midfielder,DMC,5,450,0,,0.55,0.11,0.55,0.11,,,,,1,0.2,0.136,0.027,0.136,0.027,0.581,0.116,0.109,0.022,0.135,0.027,-0.026,-0.005
Philipp Hofmann,VfL Bochum 1848,Bundesliga,2022,29,Forward,FW,5,296,0,,0.123,0.037,0.123,0.037,0.077,,0.005,,1,0.304,1.063,0.323,1.063,0.323,0.577,0.176,0.323,0.098,0.165,0.05,0.158,0.048
Jonathan Burkardt,1. FSV Mainz 05,Bundesliga,2022,22,Forward,FW,3,196,0,,0.237,0.109,0.237,0.109,,,,,0,,0.41,0.188,0.41,0.188,0.576,0.265,0.465,0.213,0.38,0.174,0.085,0.039
Mohamed Simakan,RB Leipzig,Bundesliga,2022,22,Defender,CB,5,348,0,,0.76,0.196,0.76,0.196,0.726,,0.135,,0,,0.044,0.011,0.043,0.011,0.569,0.147,0.458,0.119,0.251,0.065,0.207,0.054
Josha Vagnoman,VfB Stuttgart,Bundesliga,2022,21,Defender,FB,5,402,0,,0.735,0.165,0.735,0.165,,,,,0,,0.274,0.061,0.27,0.061,0.558,0.125,0.222,0.05,0.14,0.031,0.081,0.018
Jonas Hofmann,Borussia Mönchengladbach,Bundesliga,2022,30,Midfielder,WAM,5,441,1,0.204,1.459,0.298,0.677,0.138,1.459,,0.289,,0,,0.84,0.172,0.456,0.093,0.55,0.112,0.448,0.092,0.247,0.05,0.201,0.041
Julian Ryerson,1. FC Union Berlin,Bundesliga,2022,24,Defender,FB,5,397,0,,0.486,0.11,0.486,0.11,0.618,,0.315,,0,,0.314,0.071,0.302,0.068,0.549,0.125,0.213,0.048,0.151,0.034,0.062,0.014
Julian Brandt,Borussia Dortmund,Bundesliga,2022,26,Midfielder,WAM,5,271,1,0.332,0.093,0.031,0.093,0.031,0.12,,0.059,,2,0.664,1.058,0.351,0.799,0.265,0.548,0.182,0.237,0.079,0.059,0.02,0.178,0.059
Ramy Bensebaïni,Borussia Mönchengladbach,Bundesliga,2022,27,Defender,FB,4,360,1,0.25,0.239,0.06,0.239,0.06,0.412,,0.27,,0,,0.595,0.149,0.592,0.148,0.536,0.134,0.377,0.094,0.313,0.078,0.064,0.016
Woo-Yeong Jeong,Sport-Club Freiburg,Bundesliga,2022,22,Midfielder,WAM,4,136,0,,0.082,0.054,0.082,0.054,,,,,1,0.662,0.598,0.396,0.598,0.396,0.534,0.354,0.164,0.108,0.213,0.141,-0.05,-0.033
Jan Thielmann,1. FC Köln,Bundesliga,2022,20,Midfielder,WAM,5,341,1,0.264,0.635,0.168,0.635,0.168,1.147,,0.703,,1,0.264,0.233,0.062,0.233,0.061,0.528,0.139,0.014,0.004,0.063,0.017,-0.049,-0.013
Donyell Malen,Borussia Dortmund,Bundesliga,2022,23,Forward,FW,2,154,0,,0.107,0.063,0.107,0.063,0.065,,-0.007,,0,,0.552,0.323,0.462,0.27,0.517,0.302,0.17,0.099,0.127,0.074,0.043,0.025
Jordan Larsson,FC Schalke 04,Bundesliga,2022,25,Forward,FW,4,143,0,,0.556,0.35,0.556,0.35,,,,,0,,0.188,0.118,0.188,0.118,0.51,0.321,0.11,0.069,0.085,0.054,0.025,0.016
Dominik Kohr,1. FSV Mainz 05,Bundesliga,2022,28,Midfielder,CM,5,426,0,,0.461,0.097,0.461,0.097,,,,,0,,0.151,0.032,0.149,0.031,0.503,0.106,0.245,0.052,0.177,0.037,0.068,0.014
Mitchell Weiser,SV Werder Bremen,Bundesliga,2022,28,Defender,FB,5,422,0,,0.195,0.042,0.195,0.042,0.036,,0.007,,3,0.64,0.687,0.146,0.678,0.145,0.5,0.107,0.319,0.068,0.341,0.073,-0.021,-0.005
Janik Haberer,1. FC Union Berlin,Bundesliga,2022,28,Midfielder,CM,4,290,1,0.31,0.183,0.057,0.183,0.057,0.297,,0.136,,1,0.31,0.424,0.132,0.424,0.132,0.498,0.155,0.296,0.092,0.268,0.083,0.028,0.009
Florian Neuhaus,Borussia Mönchengladbach,Bundesliga,2022,25,Midfielder,CAM,5,436,0,,0.546,0.113,0.546,0.113,0.054,,0.012,,0,,0.765,0.158,0.765,0.158,0.487,0.101,0.451,0.093,0.39,0.081,0.06,0.012
Marcel Sabitzer,FC Bayern München,Bundesliga,2022,28,Midfielder,WAM,5,366,0,,0.34,0.083,0.34,0.083,0.1,,-0.006,,0,,0.331,0.081,0.33,0.081,0.484,0.119,0.33,0.081,0.343,0.084,-0.013,-0.003
Patrik Schick,Bayer 04 Leverkusen,Bundesliga,2022,26,Forward,FW,5,443,1,0.203,2.684,0.545,2.684,0.545,2.304,,0.537,,0,,0.149,0.03,0.148,0.03,0.479,0.097,-0.134,-0.027,-0.142,-0.029,0.009,0.002
Sardar Azmoun,Bayer 04 Leverkusen,Bundesliga,2022,27,Forward,FW,5,227,0,,1.149,0.456,1.149,0.456,0.443,,0.23,,0,,0.477,0.189,0.476,0.189,0.468,0.185,0.333,0.132,0.251,0.1,0.082,0.033
Matthias Ginter,Sport-Club Freiburg,Bundesliga,2022,28,Defender,CB,5,450,2,0.4,0.46,0.092,0.46,0.092,1.05,,0.615,,1,0.2,0.352,0.07,0.348,0.07,0.466,0.093,0.157,0.031,0.401,0.08,-0.244,-0.049
Gerrit Holtmann,VfL Bochum 1848,Bundesliga,2022,27,Forward,WAM,4,258,0,,0.332,0.116,0.332,0.116,0.587,,0.366,,0,,0.253,0.088,0.251,0.088,0.455,0.159,0.011,0.004,0,0,0.011,0.004
Paulo Otávio,VfL Wolfsburg,Bundesliga,2022,27,Defender,FB,3,255,0,,0.051,0.018,0.051,0.018,0.035,,0.011,,0,,0.459,0.162,0.457,0.161,0.441,0.156,0.244,0.086,0.157,0.055,0.088,0.031
Dejan Ljubicic,1. FC Köln,Bundesliga,2022,24,Midfielder,DMC,5,332,2,0.542,0.561,0.152,0.561,0.152,0.84,,0.421,,0,,0.53,0.144,0.53,0.144,0.433,0.117,-0.456,-0.124,0.038,0.01,-0.494,-0.134
Sebastian Rode,Eintracht Frankfurt,Bundesliga,2022,31,Midfielder,CM,4,217,1,0.415,0.251,0.104,0.251,0.104,0.563,,0.312,,1,0.415,0.219,0.091,0.215,0.089,0.423,0.175,0.107,0.044,0.12,0.05,-0.013,-0.005
Christopher Lenz,Eintracht Frankfurt,Bundesliga,2022,27,Defender,FB,5,258,0,,0.063,0.022,0.063,0.022,0.018,,-0.013,,0,,0.504,0.176,0.424,0.148,0.423,0.147,0.224,0.078,0.285,0.099,-0.061,-0.021
Marcel Halstenberg,RB Leipzig,Bundesliga,2022,30,Defender,FB,5,278,0,,0.305,0.099,0.305,0.099,,,,,0,,0.157,0.051,0.154,0.05,0.415,0.134,0.442,0.143,0.401,0.13,0.041,0.013
Stefan Bell,1. FSV Mainz 05,Bundesliga,2022,31,Defender,CB,5,450,0,,0.377,0.075,0.377,0.075,,,,,0,,0.271,0.054,0.271,0.054,0.415,0.083,0.547,0.109,0.469,0.094,0.078,0.016
Luca Waldschmidt,VfL Wolfsburg,Bundesliga,2022,26,Forward,FW,4,137,0,,0.077,0.05,0.077,0.05,0.037,,-0.006,,0,,0.475,0.312,0.475,0.312,0.407,0.267,0.187,0.123,0.208,0.137,-0.021,-0.014
Tim Lemperle,1. FC Köln,Bundesliga,2022,20,Forward,WAM,3,32,0,,0.073,0.205,0.073,0.205,,,,,0,,0.36,1.011,0.36,1.011,0.403,1.132,0.299,0.841,0.269,0.758,0.03,0.083
Davie Selke,Hertha BSC,Bundesliga,2022,27,Forward,FW,4,80,0,,,,,,,,,,1,1.125,0.456,0.513,0.456,0.513,0.401,0.451,0.083,0.093,0.059,0.066,0.024,0.027
Marius Bülter,FC Schalke 04,Bundesliga,2022,29,Forward,WAM,5,392,3,0.689,1.817,0.417,0.254,0.058,2.242,,0.584,,0,,0.417,0.096,0.417,0.096,0.401,0.092,0.399,0.092,0.202,0.046,0.197,0.045
Romano Schmid,SV Werder Bremen,Bundesliga,2022,22,Midfielder,CAM,4,174,0,,0.105,0.054,0.105,0.054,,,,,0,,0.394,0.204,0.394,0.204,0.398,0.206,0.35,0.181,0.299,0.155,0.05,0.026
Fredrik Jensen,FC Augsburg,Bundesliga,2022,24,Midfielder,CAM,4,244,1,0.369,0.555,0.205,0.555,0.205,0.399,,0.064,,0,,0.123,0.045,0.123,0.045,0.392,0.144,0.075,0.028,0.036,0.013,0.038,0.014
Oliver Burke,SV Werder Bremen,Bundesliga,2022,25,Forward,FW,5,54,2,3.333,0.467,0.778,0.467,0.778,0.518,,0.051,,0,,0.055,0.092,0.055,0.092,0.39,0.649,0.275,0.459,0.176,0.293,0.099,0.166
Chidera Ejuke,Hertha BSC,Bundesliga,2022,24,Forward,WAM,5,323,0,,0.365,0.102,0.365,0.102,0.406,,0.256,,0,,0.161,0.045,0.161,0.045,0.386,0.108,0.368,0.103,0.153,0.043,0.216,0.06
Kiliann Sildillia,Sport-Club Freiburg,Bundesliga,2022,20,Defender,CB,5,435,0,,0.113,0.023,0.113,0.023,,,,,2,0.414,0.396,0.082,0.35,0.073,0.379,0.079,0.156,0.032,0.111,0.023,0.044,0.009
Simon Terodde,FC Schalke 04,Bundesliga,2022,34,Forward,FW,5,275,1,0.327,1.681,0.55,0.899,0.294,1.719,,0.61,,0,,0.085,0.028,0.085,0.028,0.376,0.123,-0.025,-0.008,-0.03,-0.01,0.006,0.002
Patrick Wimmer,VfL Wolfsburg,Bundesliga,2022,21,Midfielder,CM,2,112,0,,0.034,0.027,0.034,0.027,,,,,1,0.804,0.443,0.356,0.442,0.355,0.372,0.299,0.09,0.072,0.091,0.073,-0.001,-0.001
Ellyes Skhiri,1. FC Köln,Bundesliga,2022,27,Midfielder,DMC,5,450,0,,0.821,0.164,0.821,0.164,,,,,0,,0.408,0.082,0.407,0.081,0.361,0.072,0.281,0.056,0.287,0.057,-0.005,-0.001
Linton Maina,1. FC Köln,Bundesliga,2022,23,Midfielder,WAM,4,101,0,,0.089,0.08,0.089,0.08,,,,,0,,0.365,0.325,0.364,0.324,0.361,0.322,0.296,0.263,0.199,0.178,0.096,0.086
Maximilian Mittelstädt,Hertha BSC,Bundesliga,2022,25,Defender,FB,2,180,0,,0.013,0.006,0.013,0.006,,,,,0,,0.425,0.213,0.363,0.181,0.357,0.179,0.115,0.057,0.085,0.042,0.03,0.015
Marvin Plattenhardt,Hertha BSC,Bundesliga,2022,30,Defender,FB,3,270,0,,0.066,0.022,0.066,0.022,0.093,,0.04,,1,0.333,0.795,0.265,0.363,0.121,0.357,0.119,0.179,0.06,0.129,0.043,0.05,0.017
Suat Serdar,Hertha BSC,Bundesliga,2022,25,Midfielder,DMC,5,395,1,0.228,0.812,0.185,0.812,0.185,0.503,,0.443,,0,,0.181,0.041,0.181,0.041,0.355,0.081,0.14,0.032,0.108,0.025,0.032,0.007
Denis Huseinbasic,1. FC Köln,Bundesliga,2022,21,Midfielder,,1,2,0,,0.491,22.109,0.491,22.109,,,,,0,,,,,,0.352,15.839,,,,,,
Aarón Martín,1. FSV Mainz 05,Bundesliga,2022,25,Defender,FB,5,433,1,0.208,1.053,0.219,0.272,0.056,1.506,,0.647,,1,0.208,0.449,0.093,0.33,0.069,0.346,0.072,0.528,0.11,0.519,0.108,0.009,0.002
Marco Richter,Hertha BSC,Bundesliga,2022,24,Forward,WAM,2,37,1,2.432,0.805,1.959,0.805,1.959,0.928,,0.123,,0,,0.001,0.003,0.001,0.003,0.345,0.838,0.158,0.385,0.002,0.004,0.157,0.381
Exequiel Palacios,Bayer 04 Leverkusen,Bundesliga,2022,23,Midfielder,CM,5,317,1,0.284,0.232,0.066,0.232,0.066,0.428,,0.261,,0,,0.234,0.066,0.233,0.066,0.342,0.097,0.297,0.084,0.263,0.075,0.034,0.01
Angelo Fulgini,1. FSV Mainz 05,Bundesliga,2022,26,Midfielder,CM,5,232,0,,0.541,0.21,0.541,0.21,0.44,,-0.012,,1,0.388,0.175,0.068,0.175,0.068,0.335,0.13,0.271,0.105,0.221,0.086,0.05,0.02
Karim Adeyemi,Borussia Dortmund,Bundesliga,2022,20,Forward,FW,2,84,0,,0.583,0.625,0.583,0.625,0.28,,-0.168,,0,,0.038,0.041,0.038,0.041,0.33,0.353,0.044,0.047,0.033,0.035,0.011,0.012
Robert Skov,TSG Hoffenheim,Bundesliga,2022,26,Forward,WAM,5,357,1,0.252,0.35,0.088,0.35,0.088,0.314,,0.157,,1,0.252,0.404,0.102,0.398,0.1,0.327,0.083,0.345,0.087,0.244,0.062,0.101,0.025
Jens Stage,SV Werder Bremen,Bundesliga,2022,25,Midfielder,CM,5,311,0,,0.329,0.095,0.329,0.095,,,,,1,0.289,0.313,0.091,0.313,0.091,0.311,0.09,0.155,0.045,0.161,0.046,-0.006,-0.002
Manu Koné,Borussia Mönchengladbach,Bundesliga,2022,21,Midfielder,CM,5,440,0,,0.267,0.055,0.267,0.055,0.707,,0.453,,0,,0.12,0.025,0.12,0.024,0.303,0.062,0.302,0.062,0.19,0.039,0.112,0.023
Cristian Gamboa,VfL Bochum 1848,Bundesliga,2022,32,Defender,FB,5,441,0,,0.085,0.017,0.085,0.017,0.063,,0.051,,0,,0.245,0.05,0.237,0.048,0.302,0.062,0.452,0.092,0.426,0.087,0.026,0.005
Salih Özcan,Borussia Dortmund,Bundesliga,2022,24,Midfielder,CM,2,180,0,,0.233,0.117,0.233,0.117,,,,,1,0.5,0.079,0.04,0.078,0.039,0.299,0.15,0.04,0.02,0.029,0.014,0.012,0.006
Stevan Jovetic,Hertha BSC,Bundesliga,2022,32,Forward,FW,4,107,0,,0.503,0.423,0.503,0.423,0.175,,0.103,,1,0.841,0.061,0.051,0.061,0.051,0.295,0.249,0.146,0.123,0.065,0.054,0.081,0.068
Youssoufa Moukoko,Borussia Dortmund,Bundesliga,2022,17,Forward,FW,4,98,1,0.918,0.43,0.395,0.43,0.395,0.894,,0.463,,1,0.918,0.225,0.207,0.225,0.207,0.294,0.27,0.018,0.016,0.02,0.018,-0.002,-0.002
Anthony Jung,SV Werder Bremen,Bundesliga,2022,30,Defender,CB,5,378,1,0.238,0.114,0.027,0.114,0.027,0.2,,0.174,,1,0.238,0.488,0.116,0.481,0.114,0.292,0.07,0.309,0.073,0.269,0.064,0.04,0.009
Anthony Losilla,VfL Bochum 1848,Bundesliga,2022,36,Midfielder,DMC,5,450,0,,0.734,0.147,0.734,0.147,0.31,,-0.067,,0,,0.129,0.026,0.129,0.026,0.289,0.058,0.096,0.019,0.073,0.015,0.022,0.004
Max Kruse,VfL Wolfsburg,Bundesliga,2022,34,Forward,FW,5,270,0,,0.73,0.243,0.73,0.243,0.137,,0.064,,0,,0.186,0.062,0.183,0.061,0.286,0.095,0.019,0.006,-0.016,-0.005,0.035,0.012
Rani Khedira,1. FC Union Berlin,Bundesliga,2022,28,Midfielder,DMC,5,450,0,,0.4,0.08,0.4,0.08,,,,,0,,0.14,0.028,0.099,0.02,0.285,0.057,0.082,0.016,0.075,0.015,0.007,0.001
Lukas Nmecha,VfL Wolfsburg,Bundesliga,2022,23,Forward,FW,5,412,3,0.655,1.531,0.334,1.531,0.334,2.635,,1.287,,0,,0.123,0.027,0.123,0.027,0.283,0.062,-0.114,-0.025,-0.127,-0.028,0.013,0.003
Danilho Doekhi,1. FC Union Berlin,Bundesliga,2022,24,Defender,CB,2,175,0,,,,,,,,,,1,0.514,0.284,0.146,0.283,0.146,0.272,0.14,0.29,0.149,0.285,0.146,0.005,0.003
Maximilian Eggestein,Sport-Club Freiburg,Bundesliga,2022,25,Midfielder,CM,4,315,0,,0.149,0.043,0.149,0.043,0.007,,-0.007,,0,,0.15,0.043,0.15,0.043,0.271,0.078,0.098,0.028,0.088,0.025,0.01,0.003
Amadou Haidara,RB Leipzig,Bundesliga,2022,24,Midfielder,CM,4,78,0,,0.258,0.298,0.258,0.298,,,,,0,,0.04,0.046,0.04,0.046,0.269,0.31,0.109,0.125,0.097,0.112,0.011,0.013
Edmond Tapsoba,Bayer 04 Leverkusen,Bundesliga,2022,23,Defender,CB,5,436,0,,0.013,0.003,0.013,0.003,,,,,0,,0.291,0.06,0.291,0.06,0.267,0.055,0.664,0.137,0.639,0.132,0.025,0.005
Enzo Millot,VfB Stuttgart,Bundesliga,2022,20,Midfielder,CAM,4,53,0,,0.28,0.475,0.28,0.475,0.6,,0.336,,0,,0.046,0.078,0.005,0.009,0.264,0.448,-0.003,-0.005,-0.004,-0.007,0.001,0.002
Raphaël Guerreiro,Borussia Dortmund,Bundesliga,2022,28,Defender,FB,4,350,1,0.257,0.215,0.055,0.215,0.055,0.017,,-0.002,,0,,0.358,0.092,0.353,0.091,0.254,0.065,0.474,0.122,0.379,0.097,0.096,0.025
Grischa Prömel,TSG Hoffenheim,Bundesliga,2022,27,Midfielder,CM,5,431,0,,0.238,0.05,0.238,0.05,,,,,1,0.209,0.39,0.081,0.389,0.081,0.249,0.052,0.147,0.031,0.063,0.013,0.083,0.017
Kevin Kampl,RB Leipzig,Bundesliga,2022,31,Midfielder,CM,5,275,0,,0.042,0.014,0.042,0.014,,,,,0,,0.241,0.079,0.229,0.075,0.243,0.08,0.163,0.053,0.115,0.038,0.049,0.016
Juan Perea,VfB Stuttgart,Bundesliga,2022,22,Forward,FW,3,35,0,,,,,,,,,,0,,0.245,0.631,0.245,0.631,0.238,0.612,0.017,0.043,0.008,0.022,0.008,0.021
Munas Dabbur,TSG Hoffenheim,Bundesliga,2022,30,Forward,FW,4,71,1,1.268,0.579,0.733,0.579,0.733,1.499,,1.005,,0,,0.196,0.248,0.196,0.248,0.236,0.3,0.072,0.091,0.04,0.051,0.032,0.041
Cédric Brunner,FC Schalke 04,Bundesliga,2022,28,Defender,FB,5,450,0,,0.097,0.019,0.097,0.019,,,,,0,,0.225,0.045,0.194,0.039,0.231,0.046,0.298,0.06,0.268,0.054,0.03,0.006
Marc Oliver Kempf,Hertha BSC,Bundesliga,2022,27,Defender,CB,5,440,0,,0.345,0.07,0.345,0.07,,,,,0,,0.082,0.017,0.081,0.017,0.23,0.047,0.242,0.049,0.222,0.045,0.02,0.004
Ermedin Demirovic,FC Augsburg,Bundesliga,2022,24,Forward,FW,5,325,1,0.277,0.331,0.092,0.331,0.092,0.803,,0.629,,1,0.277,0.178,0.049,0.178,0.049,0.229,0.063,0.078,0.022,0.054,0.015,0.025,0.007
Niko Gießelmann,1. FC Union Berlin,Bundesliga,2022,30,Defender,FB,5,225,0,,0.041,0.016,0.041,0.016,,,,,0,,0.279,0.112,0.22,0.088,0.228,0.091,0.128,0.051,0.101,0.04,0.027,0.011
Nico Schlotterbeck,Borussia Dortmund,Bundesliga,2022,22,Defender,CB,5,450,0,,,,,,,,,,0,,0.319,0.064,0.315,0.063,0.227,0.045,0.377,0.075,0.346,0.069,0.031,0.006
Luca Pfeiffer,VfB Stuttgart,Bundesliga,2022,26,Forward,FW,3,84,0,,0.078,0.084,0.078,0.084,,,,,0,,0.262,0.281,0.262,0.281,0.225,0.241,0.016,0.018,0.057,0.061,-0.041,-0.044
Dayot Upamecano,FC Bayern München,Bundesliga,2022,23,Defender,CB,5,450,0,,,,,,,,,,0,,0.283,0.057,0.277,0.055,0.216,0.043,0.797,0.159,0.684,0.137,0.113,0.023
Tom Krauß,FC Schalke 04,Bundesliga,2022,21,Midfielder,CM,5,405,0,,0.114,0.025,0.114,0.025,0.162,,0.069,,0,,0.145,0.032,0.145,0.032,0.21,0.047,0.325,0.072,0.217,0.048,0.109,0.024
Arne Maier,FC Augsburg,Bundesliga,2022,23,Midfielder,DMC,5,368,0,,0.322,0.079,0.322,0.079,0.154,,0.064,,0,,0.446,0.109,0.15,0.037,0.204,0.05,0.088,0.022,0.013,0.003,0.076,0.019
Ansgar Knauff,Eintracht Frankfurt,Bundesliga,2022,20,Forward,WAM,5,191,0,,0.162,0.076,0.162,0.076,0.036,,0.024,,0,,0.192,0.09,0.188,0.089,0.199,0.094,0.236,0.111,0.086,0.04,0.151,0.071
Waldemar Anton,VfB Stuttgart,Bundesliga,2022,26,Defender,CB,5,450,0,,0.114,0.023,0.114,0.023,0.447,,0.389,,0,,0.157,0.031,0.153,0.031,0.198,0.04,0.404,0.081,0.32,0.064,0.084,0.017
Philipp Förster,VfL Bochum 1848,Bundesliga,2022,27,Midfielder,CAM,4,162,0,,0.204,0.113,0.204,0.113,0.18,,0.031,,0,,0.074,0.041,0.074,0.041,0.197,0.109,0.055,0.031,0.035,0.019,0.021,0.011
Konrad Laimer,RB Leipzig,Bundesliga,2022,25,Midfielder,CM,3,251,0,,0.059,0.021,0.059,0.021,0.022,,-0.008,,0,,0.164,0.059,0.164,0.059,0.19,0.068,0.057,0.02,0.028,0.01,0.029,0.011
Manuel Riemann,VfL Bochum 1848,Bundesliga,2022,33,Goalkeeper,GK,5,450,0,,,,,,,17.818,,0.214,0,,0.273,0.055,0.198,0.04,0.189,0.038,0.737,0.147,0.727,0.145,0.009,0.002
Willi Orbán,RB Leipzig,Bundesliga,2022,29,Defender,CB,5,450,1,0.2,0.643,0.129,0.643,0.129,0.735,,0.228,,0,,0.179,0.036,0.177,0.035,0.188,0.038,0.379,0.076,0.32,0.064,0.059,0.012
Hiroki Ito,VfB Stuttgart,Bundesliga,2022,23,Defender,CB,5,450,0,,0.04,0.008,0.04,0.008,,,,,0,,0.253,0.051,0.169,0.034,0.181,0.036,0.592,0.118,0.502,0.1,0.09,0.018
Dominik Szoboszlai,RB Leipzig,Bundesliga,2022,21,Midfielder,WAM,3,121,0,,0.199,0.148,0.199,0.148,0.044,,-0.005,,0,,0.057,0.042,0.034,0.025,0.177,0.132,0.115,0.086,0.078,0.058,0.037,0.027
Mark Flekken,Sport-Club Freiburg,Bundesliga,2022,29,Goalkeeper,GK,5,450,0,,,,,,,4.888,,-0.023,0,,0.193,0.039,0.185,0.037,0.176,0.035,0.457,0.091,0.444,0.089,0.013,0.003
Sebastian Rudy,TSG Hoffenheim,Bundesliga,2022,32,Midfielder,CM,5,125,0,,,,,,,,,,1,0.72,0.251,0.18,0.183,0.132,0.174,0.126,0.062,0.045,0.047,0.034,0.015,0.011
Noah Weißhaupt,Sport-Club Freiburg,Bundesliga,2022,20,Forward,WAM,3,31,0,,,,,,,,,,0,,0.174,0.504,0.174,0.504,0.171,0.496,0.007,0.021,0.003,0.01,0.004,0.011
Rafael Borré,Eintracht Frankfurt,Bundesliga,2022,26,Forward,FW,5,158,1,0.57,1.223,0.696,0.441,0.251,1.103,,-0.07,,0,,0.042,0.024,0.042,0.024,0.17,0.097,0.022,0.013,0.011,0.006,0.011,0.006
Mattias Svanberg,VfL Wolfsburg,Bundesliga,2022,23,Midfielder,CM,5,198,0,,,,,,,,,,1,0.455,0.302,0.137,0.21,0.095,0.17,0.077,0.207,0.094,0.211,0.096,-0.003,-0.001
Mahmoud Dahoud,Borussia Dortmund,Bundesliga,2022,26,Midfielder,CM,3,184,0,,0.053,0.026,0.053,0.026,,,,,0,,0.149,0.073,0.149,0.073,0.17,0.083,0.226,0.111,0.187,0.091,0.04,0.019
Joe Scally,Borussia Mönchengladbach,Bundesliga,2022,19,Defender,CB,5,436,0,,0.159,0.033,0.159,0.033,,,,,0,,0.183,0.038,0.178,0.037,0.169,0.035,-0.023,-0.005,-0.06,-0.012,0.037,0.008
Lucas Tousart,Hertha BSC,Bundesliga,2022,25,Midfielder,DMC,4,353,0,,0.256,0.065,0.256,0.065,0.028,,-0.02,,0,,0.179,0.046,0.179,0.046,0.168,0.043,0.297,0.076,0.253,0.065,0.043,0.011
Ivan Sunjic,Hertha BSC,Bundesliga,2022,25,Midfielder,DMC,4,284,0,,,,,,,,,,0,,0.195,0.062,0.195,0.062,0.167,0.053,0.138,0.044,0.134,0.042,0.004,0.001
Leonardo Bittencourt,SV Werder Bremen,Bundesliga,2022,28,Midfielder,CAM,4,259,2,0.695,0.193,0.067,0.193,0.067,0.447,,0.305,,0,,0.254,0.088,0.254,0.088,0.167,0.058,0.153,0.053,0.221,0.077,-0.068,-0.024
Jae-Sung Lee,1. FSV Mainz 05,Bundesliga,2022,30,Midfielder,CAM,5,253,1,0.356,0.06,0.021,0.06,0.021,0.178,,0.14,,0,,0.303,0.108,0.302,0.108,0.156,0.055,0.01,0.004,-0.044,-0.016,0.054,0.019
Ivan Ordets,VfL Bochum 1848,Bundesliga,2022,30,Defender,CB,5,271,0,,0.26,0.086,0.26,0.086,,,,,0,,0.091,0.03,0.091,0.03,0.155,0.051,0.072,0.024,0.1,0.033,-0.029,-0.01
Sepp van den Berg,FC Schalke 04,Bundesliga,2022,20,Defender,CB,1,90,0,,0.151,0.151,0.151,0.151,,,,,0,,0.015,0.015,0.006,0.006,0.154,0.154,0.304,0.304,0.032,0.032,0.272,0.272
Nico Elvedi,Borussia Mönchengladbach,Bundesliga,2022,25,Defender,CB,5,405,1,0.222,0.314,0.07,0.314,0.07,0.11,,-0.097,,0,,0.2,0.044,0.2,0.044,0.154,0.034,0.224,0.05,0.14,0.031,0.085,0.019
Charles Aránguiz,Bayer 04 Leverkusen,Bundesliga,2022,33,Midfielder,CM,5,258,1,0.349,0.147,0.051,0.147,0.051,0.272,,0.239,,0,,0.091,0.032,0.09,0.031,0.154,0.054,0.153,0.053,0.148,0.052,0.005,0.002
Sven Michel,1. FC Union Berlin,Bundesliga,2022,32,Forward,WAM,4,71,2,2.535,0.185,0.234,0.185,0.234,0.981,,0.797,,0,,0.013,0.016,0.013,0.016,0.154,0.195,0.055,0.07,0.018,0.023,0.037,0.047
Tiago Tomás,VfB Stuttgart,Bundesliga,2022,20,Forward,FW,3,163,0,,0.194,0.107,0.194,0.107,0.049,,-0.006,,0,,0.001,0,0.001,0,0.153,0.084,0.046,0.025,-0.014,-0.008,0.06,0.033
Jamie Leweling,1. FC Union Berlin,Bundesliga,2022,21,Forward,WAM,2,47,0,,0.181,0.347,0.181,0.347,0.68,,0.499,,0,,0.002,0.004,0.002,0.004,0.152,0.291,-0.078,-0.149,-0.013,-0.025,-0.065,-0.124
Jeffrey Gouweleeuw,FC Augsburg,Bundesliga,2022,31,Defender,CB,5,450,0,,0.03,0.006,0.03,0.006,,,,,0,,0.136,0.027,0.132,0.026,0.15,0.03,0.303,0.061,0.292,0.058,0.011,0.002
Josuha Guilavogui,VfL Wolfsburg,Bundesliga,2022,31,Midfielder,DMC,5,360,1,0.25,0.052,0.013,0.052,0.013,0.141,,0.088,,0,,0.216,0.054,0.216,0.054,0.149,0.037,0.199,0.05,0.183,0.046,0.015,0.004
Djibril Sow,Eintracht Frankfurt,Bundesliga,2022,25,Midfielder,CM,5,450,1,0.2,0.114,0.023,0.114,0.023,0.172,,0.092,,0,,0.236,0.047,0.235,0.047,0.149,0.03,0.237,0.047,0.253,0.051,-0.017,-0.003
Daniel Caligiuri,FC Augsburg,Bundesliga,2022,34,Midfielder,WAM,5,192,0,,0.156,0.073,0.156,0.073,0.036,,0.015,,0,,0.128,0.06,0.048,0.023,0.144,0.067,0.152,0.071,0.12,0.056,0.032,0.015
Faride Alidou,Eintracht Frankfurt,Bundesliga,2022,21,Forward,WAM,3,71,0,,0.022,0.028,0.022,0.028,,,,,0,,0.143,0.181,0.143,0.181,0.142,0.18,0.059,0.075,0.053,0.067,0.006,0.008
Ko Itakura,Borussia Mönchengladbach,Bundesliga,2022,25,Defender,CB,5,413,0,,0.048,0.01,0.048,0.01,0.027,,0.004,,1,0.218,0.148,0.032,0.147,0.032,0.138,0.03,0.479,0.104,0.368,0.08,0.111,0.024
Dominick Drexler,FC Schalke 04,Bundesliga,2022,32,Midfielder,CAM,3,170,0,,0.062,0.033,0.062,0.033,,,,,1,0.529,0.2,0.106,0.2,0.106,0.137,0.072,0.051,0.027,0.134,0.071,-0.083,-0.044
Jordan Siebatcheu,1. FC Union Berlin,Bundesliga,2022,26,Forward,FW,4,281,2,0.641,0.465,0.149,0.465,0.149,0.748,,0.572,,2,0.641,0.429,0.138,0.429,0.138,0.135,0.043,-0.045,-0.015,-0.066,-0.021,0.021,0.007
Felix Uduokhai,FC Augsburg,Bundesliga,2022,24,Defender,CB,3,270,0,,,,,,,,,,1,0.333,0.154,0.051,0.154,0.051,0.133,0.044,0.079,0.026,0.232,0.077,-0.153,-0.051
Odilon Kossounou,Bayer 04 Leverkusen,Bundesliga,2022,21,Defender,CB,3,112,0,,,,,,,,,,0,,0.139,0.111,0.139,0.111,0.133,0.107,0.165,0.133,0.132,0.106,0.033,0.026
Ryan Gravenberch,FC Bayern München,Bundesliga,2022,20,Midfielder,CM,4,96,0,,0.181,0.17,0.181,0.17,,,,,0,,0.076,0.071,0.076,0.071,0.132,0.124,0.07,0.066,0.05,0.047,0.02,0.019
Genki Haraguchi,1. FC Union Berlin,Bundesliga,2022,31,Midfielder,WAM,4,169,0,,0.098,0.052,0.098,0.052,,,,,0,,0.077,0.041,0.077,0.041,0.129,0.069,0.09,0.048,0.033,0.017,0.057,0.03
Lukas Klostermann,RB Leipzig,Bundesliga,2022,26,Defender,FB,1,90,0,,0.208,0.208,0.208,0.208,0.257,,0.226,,0,,0.015,0.015,0.014,0.014,0.126,0.126,0.022,0.022,0.02,0.02,0.003,0.003
Konstantinos Stafylidis,VfL Bochum 1848,Bundesliga,2022,28,Defender,FB,2,143,0,,0.047,0.03,0.047,0.03,,,,,1,0.629,0.094,0.059,0.092,0.058,0.126,0.079,0.128,0.08,0.089,0.056,0.039,0.025
Marlon Mustapha,1. FSV Mainz 05,Bundesliga,2022,21,Forward,FW,4,31,0,,0.129,0.376,0.129,0.376,,,,,0,,0.01,0.03,0.01,0.029,0.125,0.363,0.063,0.182,0.025,0.072,0.038,0.11
Thomas Ouwejan,FC Schalke 04,Bundesliga,2022,25,Defender,FB,5,402,0,,0.03,0.007,0.03,0.007,,,,,1,0.224,0.795,0.178,0.141,0.032,0.125,0.028,0.381,0.085,0.325,0.073,0.056,0.012
Pavel Kaderábek,TSG Hoffenheim,Bundesliga,2022,30,Defender,FB,5,196,0,,,,,,,,,,0,,0.168,0.077,0.159,0.073,0.123,0.056,0.112,0.051,0.061,0.028,0.051,0.023
Ondrej Duda,1. FC Köln,Bundesliga,2022,27,Midfielder,CAM,4,181,0,,0.106,0.053,0.106,0.053,0.01,,0,,0,,0.323,0.161,0.129,0.064,0.121,0.06,0.175,0.087,0.151,0.075,0.024,0.012
Callum Hudson-Odoi,Bayer 04 Leverkusen,Bundesliga,2022,21,Midfielder,WAM,1,29,0,,,,,,,,,,1,3.103,0.124,0.383,0.124,0.383,0.12,0.373,0.063,0.197,0.012,0.036,0.052,0.161
Niklas Schmidt,SV Werder Bremen,Bundesliga,2022,24,Midfielder,CAM,3,134,1,0.672,0.115,0.077,0.115,0.077,0.714,,0.633,,0,,0.23,0.155,0.227,0.152,0.12,0.081,0.064,0.043,0.1,0.067,-0.037,-0.025
Jonathan Tah,Bayer 04 Leverkusen,Bundesliga,2022,26,Defender,CB,5,421,0,,0.196,0.042,0.196,0.042,,,,,0,,0.041,0.009,0.04,0.009,0.12,0.026,0.189,0.04,0.152,0.032,0.037,0.008
Elvis Rexhbecaj,FC Augsburg,Bundesliga,2022,24,Midfielder,CM,5,426,0,,0.068,0.014,0.068,0.014,0.033,,0.011,,0,,0.15,0.032,0.15,0.032,0.119,0.025,0.27,0.057,0.24,0.051,0.029,0.006
Wataru Endo,VfB Stuttgart,Bundesliga,2022,29,Midfielder,DMC,5,450,1,0.2,0.26,0.052,0.26,0.052,0.48,,0.361,,0,,0.087,0.017,0.087,0.017,0.119,0.024,0.243,0.049,0.161,0.032,0.082,0.016
Mitchel Bakker,Bayer 04 Leverkusen,Bundesliga,2022,22,Defender,FB,4,177,0,,0.103,0.052,0.103,0.052,0.527,,0.475,,0,,0.027,0.013,0.025,0.013,0.114,0.058,0.053,0.027,0.031,0.016,0.022,0.011
Maxim Leitsch,1. FSV Mainz 05,Bundesliga,2022,24,Defender,CB,5,441,0,,0.089,0.018,0.089,0.018,0.251,,0.186,,0,,0.049,0.01,0.049,0.01,0.112,0.023,0.137,0.028,0.17,0.035,-0.033,-0.007
Julian Chabot,1. FC Köln,Bundesliga,2022,24,Defender,CB,2,128,0,,0.442,0.311,0.442,0.311,,,,,0,,0.024,0.017,0.024,0.017,0.112,0.078,0.137,0.096,0.119,0.084,0.018,0.013
Nicolai Rapp,SV Werder Bremen,Bundesliga,2022,25,Midfielder,CB,3,22,0,,0.108,0.44,0.108,0.44,,,,,0,,0.007,0.028,0.007,0.028,0.11,0.448,0.011,0.045,0.011,0.044,0,0.001
Edimilson Fernandes,1. FSV Mainz 05,Bundesliga,2022,26,Midfielder,CM,3,113,0,,0.043,0.034,0.043,0.034,0.14,,0.115,,1,0.796,0.086,0.068,0.084,0.067,0.106,0.085,0.107,0.085,0.077,0.062,0.03,0.024
Mads Pedersen,FC Augsburg,Bundesliga,2022,26,Defender,FB,5,386,0,,0.014,0.003,0.014,0.003,,,,,0,,0.191,0.044,0.146,0.034,0.101,0.023,0.088,0.021,0.139,0.032,-0.051,-0.012
Josip Brekalo,VfL Wolfsburg,Bundesliga,2022,24,Midfielder,WAM,3,94,0,,0.084,0.081,0.084,0.081,0.216,,0.131,,0,,0.058,0.056,0.058,0.056,0.098,0.093,0.089,0.085,0.056,0.054,0.033,0.031
Frederik Rønnow,1. FC Union Berlin,Bundesliga,2022,30,Goalkeeper,GK,5,450,0,,,,,,,5.293,,0.244,0,,0.109,0.022,0.104,0.021,0.097,0.019,0.293,0.059,0.288,0.058,0.005,0.001
Paul Jaeckel,1. FC Union Berlin,Bundesliga,2022,24,Defender,CB,5,365,0,,,,,,,,,,0,,0.114,0.028,0.104,0.026,0.094,0.023,0.166,0.041,0.205,0.051,-0.039,-0.01
Amos Pieper,SV Werder Bremen,Bundesliga,2022,24,Defender,CB,5,392,0,,,,,,,,,,1,0.23,0.126,0.029,0.122,0.028,0.092,0.021,0.238,0.055,0.231,0.053,0.007,0.002
Nils Petersen,Sport-Club Freiburg,Bundesliga,2022,33,Forward,FW,4,57,0,,0.339,0.535,0.339,0.535,,,,,0,,0.015,0.024,0.015,0.024,0.091,0.143,-0.01,-0.016,-0.02,-0.032,0.01,0.016
David Raum,RB Leipzig,Bundesliga,2022,24,Defender,WAM,5,429,0,,0.013,0.003,0.013,0.003,,,,,1,0.21,0.494,0.104,0.191,0.04,0.09,0.019,0.156,0.033,0.176,0.037,-0.019,-0.004
Micky van de Ven,VfL Wolfsburg,Bundesliga,2022,21,Defender,CB,5,450,0,,0.057,0.011,0.057,0.011,,,,,0,,0.153,0.031,0.148,0.03,0.087,0.017,0.346,0.069,0.273,0.055,0.073,0.015
Emil Forsberg,RB Leipzig,Bundesliga,2022,30,Forward,WAM,3,96,0,,0.052,0.049,0.052,0.049,,,,,0,,0.081,0.076,0.081,0.076,0.087,0.081,0.07,0.066,-0.018,-0.017,0.088,0.083
Thomas Meunier,Borussia Dortmund,Bundesliga,2022,30,Defender,FB,4,248,0,,0.093,0.034,0.093,0.034,,,,,0,,0.162,0.059,0.156,0.057,0.087,0.031,0.21,0.076,0.174,0.063,0.036,0.013
André Hahn,FC Augsburg,Bundesliga,2022,32,Midfielder,WAM,4,119,1,0.756,0.084,0.064,0.084,0.064,0.558,,0.489,,0,,0.003,0.002,0.003,0.002,0.08,0.06,0.312,0.236,-0.004,-0.003,0.317,0.239
Philipp Lienhart,Sport-Club Freiburg,Bundesliga,2022,26,Defender,CB,5,450,0,,0.085,0.017,0.085,0.017,,,,,0,,0.041,0.008,0.041,0.008,0.079,0.016,0.357,0.071,0.094,0.019,0.263,0.053
Julian Baumgartlinger,FC Augsburg,Bundesliga,2022,34,Midfielder,DMC,2,59,0,,0.093,0.142,0.093,0.142,,,,,0,,0.011,0.017,0.011,0.017,0.073,0.112,0.267,0.408,0.032,0.048,0.236,0.359
Filip Uremovic,Hertha BSC,Bundesliga,2022,25,Defender,CB,4,332,0,,0.139,0.038,0.139,0.038,,,,,0,,0.014,0.004,0.013,0.004,0.073,0.02,0.261,0.071,0.02,0.005,0.242,0.066
Robert Andrich,Bayer 04 Leverkusen,Bundesliga,2022,27,Midfielder,CM,4,248,0,,0.128,0.046,0.128,0.046,,,,,0,,0.066,0.024,0.065,0.024,0.072,0.026,0.107,0.039,0.077,0.028,0.03,0.011
Jacob Bruun Larsen,TSG Hoffenheim,Bundesliga,2022,23,Forward,WAM,5,107,0,,0.095,0.08,0.095,0.08,0.537,,0.462,,0,,0.044,0.037,0.044,0.037,0.072,0.06,0.066,0.056,0.017,0.014,0.049,0.041
Alexander Hack,1. FSV Mainz 05,Bundesliga,2022,28,Defender,CB,5,405,0,,0.025,0.006,0.025,0.006,,,,,0,,0.07,0.016,0.055,0.012,0.072,0.016,0.303,0.067,0.269,0.06,0.034,0.007
Jakub Kaminski,VfL Wolfsburg,Bundesliga,2022,20,Midfielder,CM,4,159,0,,0.432,0.245,0.432,0.245,0.145,,-0.107,,0,,0.18,0.102,0.179,0.101,0.071,0.04,0.197,0.111,0.119,0.068,0.078,0.044
Alex Král,FC Schalke 04,Bundesliga,2022,24,Midfielder,DMC,4,325,0,,0.048,0.013,0.048,0.013,,,,,0,,0.03,0.008,0.03,0.008,0.068,0.019,0.064,0.018,0.054,0.015,0.01,0.003
Tobias Mohr,FC Schalke 04,Bundesliga,2022,27,Midfielder,WAM,3,182,0,,0.111,0.055,0.111,0.055,,,,,1,0.495,0.028,0.014,0.026,0.013,0.067,0.033,0.143,0.071,0.105,0.052,0.038,0.019
Florian Dietz,1. FC Köln,Bundesliga,2022,24,Forward,FW,4,238,1,0.378,1.422,0.538,1.422,0.538,1.963,,0.914,,0,,0.272,0.103,0.272,0.103,0.067,0.025,0.233,0.088,0.146,0.055,0.086,0.033
Kevin Vogt,TSG Hoffenheim,Bundesliga,2022,30,Defender,CB,5,411,0,,,,,,,,,,0,,0.081,0.018,0.078,0.017,0.066,0.014,0.454,0.099,0.352,0.077,0.102,0.022
Maximilian Bauer,FC Augsburg,Bundesliga,2022,22,Defender,CB,5,362,0,,0.099,0.025,0.099,0.025,,,,,0,,0.039,0.01,0.037,0.009,0.063,0.016,0.176,0.044,0.158,0.039,0.018,0.004
Diogo Leite,1. FC Union Berlin,Bundesliga,2022,23,Defender,CB,4,360,0,,0.034,0.009,0.034,0.009,,,,,0,,0.041,0.01,0.035,0.009,0.06,0.015,0.146,0.036,0.12,0.03,0.026,0.006
Marco Friedl,SV Werder Bremen,Bundesliga,2022,24,Defender,FB,5,450,0,,,,,,,,,,0,,0.188,0.038,0.086,0.017,0.059,0.012,0.351,0.07,0.325,0.065,0.026,0.005
Florian Flick,FC Schalke 04,Bundesliga,2022,22,Midfielder,DMC,4,177,0,,0.073,0.037,0.073,0.037,,,,,0,,0.016,0.008,0.016,0.008,0.057,0.029,-0.019,-0.01,-0.027,-0.014,0.007,0.004
Malick Thiaw,FC Schalke 04,Bundesliga,2022,,,,3,270,0,,0.186,0.062,0.186,0.062,0.082,,-0.01,,0,,0.014,0.005,0.011,0.004,0.056,0.019,0.067,0.022,0.057,0.019,0.01,0.003
Maximilian Philipp,VfL Wolfsburg,Bundesliga,2022,28,Forward,FW,2,90,0,,0.048,0.048,0.048,0.048,0.03,,-0.018,,0,,0.082,0.082,0.081,0.081,0.052,0.052,0.074,0.074,-0.02,-0.02,0.094,0.094
Florian Müller,VfB Stuttgart,Bundesliga,2022,24,Goalkeeper,GK,5,450,0,,,,,,,4.955,,-0.009,0,,0.057,0.011,0.056,0.011,0.047,0.009,0.291,0.058,0.281,0.056,0.009,0.002
Alexander Schwolow,FC Schalke 04,Bundesliga,2022,30,Goalkeeper,GK,5,450,0,,,,,,,8.135,,-0.475,0,,0.068,0.014,0.051,0.01,0.047,0.009,0.193,0.039,0.191,0.038,0.002,0
Timo Werner,RB Leipzig,Bundesliga,2022,26,Forward,FW,4,257,1,0.35,0.791,0.277,0.791,0.277,0.065,,0.051,,0,,0.021,0.007,0.021,0.007,0.047,0.016,0.124,0.044,-0.011,-0.004,0.135,0.047
Vasilios Lampropoulos,VfL Bochum 1848,Bundesliga,2022,32,Defender,CB,3,113,0,,0.058,0.046,0.058,0.046,,,,,0,,0.018,0.014,0.018,0.014,0.046,0.037,0.048,0.038,0.054,0.043,-0.006,-0.005
Felix Nmecha,VfL Wolfsburg,Bundesliga,2022,21,Midfielder,WAM,3,90,0,,0.014,0.014,0.014,0.014,,,,,0,,0.038,0.038,0.038,0.038,0.045,0.045,0.021,0.021,0.015,0.015,0.007,0.007
Milos Veljkovic,SV Werder Bremen,Bundesliga,2022,26,Defender,CB,5,450,0,,,,,,,,,,0,,0.088,0.018,0.085,0.017,0.044,0.009,0.3,0.06,0.277,0.055,0.023,0.005
Carlos Gruezo,FC Augsburg,Bundesliga,2022,27,Midfielder,DMC,5,311,0,,,,,,,,,,0,,0.053,0.015,0.053,0.015,0.044,0.013,0.048,0.014,0.044,0.013,0.004,0.001
Jirí Pavlenka,SV Werder Bremen,Bundesliga,2022,30,Goalkeeper,GK,5,450,0,,,,,,,6.322,,-0.582,0,,0.072,0.014,0.05,0.01,0.042,0.008,0.161,0.032,0.155,0.031,0.006,0.001
Ilia Gruev,SV Werder Bremen,Bundesliga,2022,22,Midfielder,DMC,4,119,0,,,,,,,,,,0,,0.05,0.038,0.05,0.038,0.041,0.031,0.128,0.097,0.107,0.081,0.021,0.016
Lilian Egloff,VfB Stuttgart,Bundesliga,2022,20,Midfielder,CM,3,101,0,,0.197,0.175,0.197,0.175,,,,,0,,0.123,0.109,0.123,0.109,0.041,0.037,0.07,0.062,0.112,0.1,-0.042,-0.037
Maya Yoshida,FC Schalke 04,Bundesliga,2022,34,Defender,CB,5,450,0,,0.058,0.012,0.058,0.012,,,,,0,,0.049,0.01,0.041,0.008,0.041,0.008,0.198,0.04,0.143,0.029,0.055,0.011
András Schäfer,1. FC Union Berlin,Bundesliga,2022,23,Midfielder,CM,4,207,0,,0.021,0.009,0.021,0.009,,,,,0,,0.033,0.014,0.033,0.014,0.041,0.018,0.038,0.016,-0.007,-0.003,0.045,0.02
Iago,FC Augsburg,Bundesliga,2022,25,Defender,FB,4,327,0,,0.062,0.017,0.062,0.017,,,,,0,,0.069,0.019,0.063,0.017,0.039,0.011,0.176,0.049,0.173,0.048,0.003,0.001
Jean-Paul Boëtius,Hertha BSC,Bundesliga,2022,28,Midfielder,CAM,4,153,0,,0.052,0.03,0.052,0.03,0.137,,0.117,,0,,0.086,0.05,0.039,0.023,0.038,0.022,0.053,0.031,0.089,0.052,-0.036,-0.021
Patrick Herrmann,Borussia Mönchengladbach,Bundesliga,2022,31,Forward,WAM,4,9,0,,0.027,0.27,0.027,0.27,,,,,0,,0.029,0.293,0.029,0.29,0.036,0.355,0.017,0.17,0.01,0.096,0.007,0.074
Noussair Mazraoui,FC Bayern München,Bundesliga,2022,24,Defender,FB,2,31,0,,0.037,0.108,0.037,0.108,,,,,0,,0.004,0.011,0.004,0.011,0.035,0.102,0.02,0.059,0.016,0.047,0.004,0.012
Florent Mollet,FC Schalke 04,Bundesliga,2022,30,Midfielder,CAM,3,59,0,,0.037,0.057,0.037,0.057,,,,,0,,0.019,0.029,0.019,0.029,0.033,0.051,-0.022,-0.033,-0.015,-0.023,-0.007,-0.01
Kevin Akpoguma,TSG Hoffenheim,Bundesliga,2022,27,Defender,CB,5,341,0,,,,,,,,,,0,,0.044,0.012,0.043,0.011,0.033,0.009,0.256,0.068,0.206,0.054,0.05,0.013
Erhan Masovic,VfL Bochum 1848,Bundesliga,2022,23,Midfielder,CB,5,289,0,,0.023,0.007,0.023,0.007,,,,,0,,0.066,0.021,0.066,0.021,0.033,0.01,0.165,0.051,0.161,0.05,0.004,0.001
Robin Zentner,1. FSV Mainz 05,Bundesliga,2022,27,Goalkeeper,GK,5,450,0,,,,,,,3.878,,-0.289,0,,0.037,0.007,0.036,0.007,0.032,0.006,0.143,0.029,0.139,0.028,0.004,0.001
Patrick Osterhage,VfL Bochum 1848,Bundesliga,2022,22,Midfielder,CM,1,19,0,,0.022,0.104,0.022,0.104,,,,,0,,0.015,0.07,0.015,0.07,0.032,0.151,0.031,0.148,0.028,0.133,0.003,0.015
Maxence Lacroix,VfL Wolfsburg,Bundesliga,2022,22,Defender,CB,4,360,0,,0,0,0,0,,,,,0,,0.046,0.012,0.046,0.011,0.031,0.008,0.088,0.022,0.27,0.067,-0.181,-0.045
Raphael Framberger,FC Augsburg,Bundesliga,2022,26,Defender,FB,1,77,0,,,,,,,,,,0,,0.044,0.051,0.043,0.05,0.03,0.035,0.118,0.138,0.122,0.142,-0.003,-0.004
Amine Adli,Bayer 04 Leverkusen,Bundesliga,2022,22,Forward,FW,1,28,0,,,,,,,,,,0,,0.041,0.131,0.041,0.131,0.029,0.092,0.017,0.055,0.065,0.21,-0.048,-0.154
Marvin Friedrich,Borussia Mönchengladbach,Bundesliga,2022,26,Defender,CB,4,61,0,,,,,,,,,,0,,0.066,0.098,0.066,0.098,0.028,0.042,0.043,0.063,0.039,0.057,0.004,0.005
Dominique Heintz,VfL Bochum 1848,Bundesliga,2022,29,Defender,CB,3,252,0,,,,,,,,,,0,,0.034,0.012,0.034,0.012,0.028,0.01,0.075,0.027,0.07,0.025,0.006,0.002
Koen Casteels,VfL Wolfsburg,Bundesliga,2022,30,Goalkeeper,GK,5,450,0,,,,,,,9.098,,0.011,0,,0.036,0.007,0.033,0.007,0.027,0.005,0.227,0.045,0.223,0.045,0.004,0.001
Giovanni Reyna,Borussia Dortmund,Bundesliga,2022,19,Midfielder,CM,2,35,0,,,,,,,,,,0,,0.031,0.079,0.031,0.079,0.026,0.068,0.043,0.111,-0.017,-0.045,0.061,0.156
Yann Sommer,Borussia Mönchengladbach,Bundesliga,2022,33,Goalkeeper,GK,5,450,0,,,,,,,7.991,,0.374,0,,0.042,0.008,0.034,0.007,0.025,0.005,0.167,0.033,0.175,0.035,-0.008,-0.002
Marvin Schwäbe,1. FC Köln,Bundesliga,2022,27,Goalkeeper,GK,5,450,0,,,,,,,5.115,,-0.173,0,,0.036,0.007,0.032,0.006,0.024,0.005,0.155,0.031,0.144,0.029,0.011,0.002
Saidy Janko,VfL Bochum 1848,Bundesliga,2022,26,Defender,FB,4,200,0,,,,,,,,,,0,,0.043,0.019,0.04,0.018,0.023,0.01,0.068,0.031,0.053,0.024,0.015,0.007
Filip Kostic,Eintracht Frankfurt,Bundesliga,2022,29,Midfielder,WAM,1,74,0,,0.016,0.019,0.016,0.019,,,,,0,,0.077,0.094,0.01,0.012,0.021,0.026,0.066,0.08,0.039,0.048,0.027,0.032
Robin Knoche,1. FC Union Berlin,Bundesliga,2022,30,Defender,CB,5,450,1,0.2,0.02,0.004,0.02,0.004,0.068,,0.047,,0,,0.054,0.011,0.054,0.011,0.021,0.004,0.14,0.028,0.116,0.023,0.024,0.005
Rafal Gikiewicz,FC Augsburg,Bundesliga,2022,34,Goalkeeper,GK,5,450,0,,,,,,,11.11,,0.1,0,,0.033,0.007,0.027,0.005,0.021,0.004,0.148,0.03,0.148,0.03,0,0
Niklas Tauer,1. FSV Mainz 05,Bundesliga,2022,21,Midfielder,DMC,1,45,0,,0.047,0.095,0.047,0.095,,,,,0,,0.04,0.08,0.04,0.08,0.021,0.042,0.062,0.124,0.05,0.101,0.011,0.023
Stanley Nsoki,TSG Hoffenheim,Bundesliga,2022,23,Defender,DMC,2,111,0,,0.014,0.012,0.014,0.012,0.016,,0.002,,0,,0.01,0.008,0.01,0.008,0.02,0.016,0.109,0.088,0.096,0.078,0.013,0.011
Paulinho,Bayer 04 Leverkusen,Bundesliga,2022,22,Forward,WAM,1,24,0,,,,,,,,,,0,,0.028,0.103,0.028,0.103,0.019,0.073,0.063,0.237,0.029,0.107,0.035,0.13
Oliver Baumann,TSG Hoffenheim,Bundesliga,2022,32,Goalkeeper,GK,5,450,0,,,,,,,6.481,,0.074,0,,0.028,0.006,0.027,0.005,0.019,0.004,0.219,0.044,0.204,0.041,0.015,0.003
Oliver Christensen,Hertha BSC,Bundesliga,2022,23,Goalkeeper,GK,5,450,0,,,,,,,6.493,,0.076,0,,0.03,0.006,0.023,0.005,0.018,0.004,0.148,0.03,0.141,0.028,0.007,0.001
Evan Ndicka,Eintracht Frankfurt,Bundesliga,2022,23,Defender,CB,5,450,0,,0.134,0.027,0.134,0.027,,,,,0,,0.019,0.004,0.019,0.004,0.018,0.004,0.136,0.027,0.103,0.021,0.033,0.007
Kingsley Ehizibue,1. FC Köln,Bundesliga,2022,,,,1,62,0,,0.013,0.019,0.013,0.019,0.013,,0,,0,,0.008,0.012,0.008,0.011,0.018,0.026,0.044,0.064,0.04,0.058,0.004,0.005
Timo Hübers,1. FC Köln,Bundesliga,2022,26,Defender,CB,4,308,0,,,,,,,,,,0,,0.028,0.008,0.028,0.008,0.018,0.005,0.162,0.047,0.122,0.036,0.04,0.012
Dennis Geiger,TSG Hoffenheim,Bundesliga,2022,24,Midfielder,DMC,4,244,1,0.369,0.096,0.035,0.096,0.035,0.702,,0.605,,1,0.369,0.3,0.111,0.122,0.045,0.017,0.006,0.268,0.099,0.254,0.094,0.014,0.005
Leon Goretzka,FC Bayern München,Bundesliga,2022,27,Midfielder,CM,1,5,0,,0.033,0.594,0.033,0.594,,,,,0,,,,,,0.017,0.305,,,,,,
Hugo Novoa,RB Leipzig,Bundesliga,2022,19,Forward,FW,2,126,0,,0.102,0.073,0.102,0.073,0.196,,0.141,,0,,0.02,0.014,0.018,0.013,0.016,0.012,0.055,0.039,0.031,0.022,0.024,0.017
Timothy Fosu-Mensah,Bayer 04 Leverkusen,Bundesliga,2022,24,Defender,FB,2,21,0,,0.015,0.062,0.015,0.062,0.012,,-0.002,,0,,0.006,0.025,0.006,0.024,0.016,0.07,0.025,0.106,0.002,0.009,0.023,0.097
Daley Sinkgraven,Bayer 04 Leverkusen,Bundesliga,2022,27,Defender,FB,1,78,0,,0.019,0.022,0.019,0.022,,,,,0,,0.017,0.02,0.017,0.02,0.016,0.019,0.043,0.049,0.038,0.043,0.005,0.006
Pascal Stenzel,VfB Stuttgart,Bundesliga,2022,26,Defender,FB,3,48,0,,0.018,0.034,0.018,0.034,,,,,0,,0.005,0.009,0.004,0.008,0.016,0.03,0.017,0.031,0.01,0.019,0.007,0.012
Lucas Hernández,FC Bayern München,Bundesliga,2022,26,Defender,FB,4,324,0,,,,,,,,,,0,,0.066,0.018,0.065,0.018,0.016,0.004,0.392,0.109,0.338,0.094,0.054,0.015
Eric Martel,1. FC Köln,Bundesliga,2022,20,Midfielder,CM,3,124,0,,0.022,0.016,0.022,0.016,,,,,0,,0.016,0.011,0.016,0.011,0.015,0.011,0.027,0.02,0.037,0.027,-0.01,-0.007
Ricardo Pepi,FC Augsburg,Bundesliga,2022,19,Forward,FW,4,94,0,,0.039,0.038,0.039,0.038,,,,,0,,0.017,0.017,0.017,0.017,0.014,0.013,-0.027,-0.026,-0.046,-0.044,0.019,0.019
Bartol Franjic,VfL Wolfsburg,Bundesliga,2022,22,Midfielder,CM,1,74,0,,,,,,,,,,1,1.216,0.018,0.022,0.018,0.022,0.013,0.016,0.038,0.046,0.034,0.041,0.004,0.005
Péter Gulácsi,RB Leipzig,Bundesliga,2022,32,Goalkeeper,GK,3,270,0,,,,,,,6.985,,0.141,0,,0.015,0.005,0.015,0.005,0.01,0.003,0.048,0.016,0.049,0.016,-0.001,0
Daniel-Kofi Kyereh,Sport-Club Freiburg,Bundesliga,2022,26,Midfielder,FW,3,28,0,,,,,,,,,,0,,0.011,0.035,0.011,0.035,0.009,0.028,0.018,0.058,0.015,0.047,0.004,0.011
Steffen Tigges,1. FC Köln,Bundesliga,2022,24,Forward,WAM,2,135,0,,0.048,0.032,0.048,0.032,,,,,0,,0.096,0.064,0.096,0.064,0.008,0.005,0.075,0.05,0.134,0.089,-0.059,-0.039
Lee Buchanan,SV Werder Bremen,Bundesliga,2022,21,Defender,CM,4,72,1,1.25,0.19,0.237,0.19,0.237,0.715,,0.632,,0,,0.033,0.041,0.032,0.04,0.008,0.01,0.04,0.05,0.029,0.036,0.011,0.014
Luca Pellegrini,Eintracht Frankfurt,Bundesliga,2022,23,Defender,FB,2,144,0,,0.049,0.03,0.049,0.03,,,,,0,,0.086,0.054,0.011,0.007,0.007,0.005,0.106,0.066,0.086,0.054,0.02,0.012
Manuel Neuer,FC Bayern München,Bundesliga,2022,36,Goalkeeper,GK,5,450,0,,,,,,,3.353,,0.105,0,,0.016,0.003,0.015,0.003,0.007,0.001,0.118,0.024,0.109,0.022,0.009,0.002
Emre Can,Borussia Dortmund,Bundesliga,2022,28,Midfielder,CM,2,78,0,,,,,,,,,,0,,0.009,0.01,0.009,0.01,0.006,0.007,0.014,0.016,0.01,0.011,0.004,0.005
Kevin Trapp,Eintracht Frankfurt,Bundesliga,2022,32,Goalkeeper,GK,5,450,0,,,,,,,5.765,,-0.908,0,,0.017,0.003,0.011,0.002,0.006,0.001,0.068,0.014,0.066,0.013,0.002,0
Christopher Antwi-Adjei,VfL Bochum 1848,Bundesliga,2022,28,Forward,WAM,1,19,0,,0.047,0.223,0.047,0.223,,,,,0,,0.014,0.065,0.014,0.065,0.006,0.029,0.04,0.19,0.019,0.09,0.021,0.1
Diadié Samassékou,TSG Hoffenheim,Bundesliga,2022,26,Midfielder,DMC,2,34,0,,,,,,,,,,0,,0.007,0.018,0.007,0.018,0.006,0.015,0.001,0.001,0.006,0.015,-0.005,-0.014
Kevin-Prince Boateng,Hertha BSC,Bundesliga,2022,35,Midfielder,FW,3,79,0,,,,,,,,,,0,,0.029,0.033,0.029,0.033,0.006,0.006,-0.051,-0.058,-0.011,-0.013,-0.039,-0.045
Karim Bellarabi,Bayer 04 Leverkusen,Bundesliga,2022,32,Forward,WAM,1,45,0,,,,,,,,,,0,,0.01,0.021,0.01,0.021,0.006,0.011,0.024,0.048,0.018,0.036,0.006,0.012
Lukás Hrádecky,Bayer 04 Leverkusen,Bundesliga,2022,32,Goalkeeper,GK,4,359,0,,,,,,,6.715,,-0.042,0,,0.014,0.004,0.01,0.002,0.005,0.001,0.076,0.019,0.072,0.018,0.004,0.001
Gregor Kobel,Borussia Dortmund,Bundesliga,2022,24,Goalkeeper,GK,5,450,0,,,,,,,5.061,,0.21,0,,0.02,0.004,0.014,0.003,0.005,0.001,0.107,0.021,0.101,0.02,0.005,0.001
Yannik Keitel,Sport-Club Freiburg,Bundesliga,2022,22,Midfielder,DMC,3,137,0,,,,,,,,,,0,,0.016,0.011,0.016,0.011,0.005,0.003,-0.008,-0.006,-0.004,-0.003,-0.004,-0.003
Niklas Stark,SV Werder Bremen,Bundesliga,2022,27,Defender,DMC,2,58,0,,,,,,,,,,0,,0.009,0.014,0.009,0.014,0.005,0.008,0.057,0.089,0.053,0.083,0.004,0.006
Josip Stanisic,FC Bayern München,Bundesliga,2022,22,Defender,CB,1,28,0,,,,,,,,,,0,,0.007,0.022,0.007,0.022,0.005,0.015,0.016,0.053,0.009,0.03,0.007,0.023
Éric Ebimbe,Eintracht Frankfurt,Bundesliga,2022,21,Midfielder,CM,1,58,0,,,,,,,,,,0,,0.007,0.012,0.007,0.012,0.005,0.007,0.009,0.013,0.006,0.009,0.003,0.004
Atakan Karazor,VfB Stuttgart,Bundesliga,2022,25,Defender,DMC,4,47,0,,,,,,,,,,0,,0.008,0.015,0.008,0.015,0.004,0.008,0.007,0.013,0.008,0.015,-0.001,-0.002
Niklas Süle,Borussia Dortmund,Bundesliga,2022,27,Defender,CB,3,39,0,,,,,,,,,,0,,0.01,0.023,0.007,0.016,0.004,0.009,0.009,0.02,0.01,0.022,-0.001,-0.002
Andrey Lunev,Bayer 04 Leverkusen,Bundesliga,2022,30,Goalkeeper,GK,1,90,0,,,,,,,1.19,,-0.68,0,,0.006,0.006,0.006,0.006,0.004,0.004,0.058,0.058,0.053,0.053,0.005,0.005
Kingsley Schindler,1. FC Köln,Bundesliga,2022,29,Midfielder,WAM,4,215,0,,,,,,,,,,0,,0.099,0.042,0.097,0.041,0.004,0.002,0.054,0.022,0.147,0.062,-0.093,-0.039
Mërgim Berisha,FC Augsburg,Bundesliga,2022,24,Forward,FW,1,74,0,,0.068,0.083,0.068,0.083,,,,,0,,0.009,0.011,0.009,0.011,0.003,0.004,0.004,0.005,0.006,0.007,-0.002,-0.002
Nadiem Amiri,Bayer 04 Leverkusen,Bundesliga,2022,25,Midfielder,CAM,4,45,0,,,,,,,,,,0,,0.045,0.09,0.045,0.09,0.003,0.007,0.124,0.249,0.081,0.162,0.043,0.087
Lars Stindl,Borussia Mönchengladbach,Bundesliga,2022,34,Midfielder,FW,1,38,0,,,,,,,,,,0,,0.077,0.183,0.077,0.183,0.003,0.008,-0.018,-0.044,-0.08,-0.19,0.062,0.146
Mathias Olesen,1. FC Köln,Bundesliga,2022,21,Midfielder,CM,3,97,0,,,,,,,,,,0,,0.008,0.008,0.008,0.008,0.003,0.003,0.012,0.011,0.008,0.007,0.005,0.004
Janis Blaswich,RB Leipzig,Bundesliga,2022,31,Goalkeeper,GK,2,180,0,,,,,,,1.392,,-0.437,0,,0.005,0.003,0.005,0.003,0.003,0.001,0.015,0.007,0.017,0.008,-0.002,-0.001
Anthony Caci,1. FSV Mainz 05,Bundesliga,2022,25,Defender,DMC,2,18,0,,,,,,,,,,0,,0.006,0.028,0.005,0.024,0.002,0.01,0.017,0.086,-0.004,-0.019,0.021,0.105
Mats Hummels,Borussia Dortmund,Bundesliga,2022,33,Defender,CB,5,422,0,,0.154,0.033,0.154,0.033,,,,,0,,0.058,0.012,0.056,0.012,0.002,0,-0.036,-0.008,0.109,0.023,-0.145,-0.031
Felix Agu,SV Werder Bremen,Bundesliga,2022,22,Defender,FB,1,15,0,,,,,,,,,,0,,0.003,0.019,0.002,0.014,0.002,0.01,0.01,0.061,0.01,0.061,,
Jacek Góralski,VfL Bochum 1848,Bundesliga,2022,29,Midfielder,CM,2,97,0,,,,,,,,,,0,,0.009,0.008,0.008,0.008,0.002,0.001,0.012,0.011,0.002,0.002,0.009,0.009
Hannes Wolf,Borussia Mönchengladbach,Bundesliga,2022,23,Midfielder,CAM,2,39,0,,,,,,,,,,0,,0.002,0.004,0.002,0.004,0.001,0.003,-0.004,-0.01,-0.007,-0.017,0.003,0.007
Manuel Gulde,Sport-Club Freiburg,Bundesliga,2022,31,Defender,CB,3,78,0,,,,,,,,,,0,,0.004,0.004,0.004,0.004,0.001,0.001,0.029,0.034,0.016,0.018,0.013,0.015
Kristian Pedersen,1. FC Köln,Bundesliga,2022,28,Defender,FB,1,14,0,,,,,,,,,,0,,0.002,0.015,0.002,0.015,0.001,0.005,0.027,0.174,0.021,0.133,0.006,0.042
Marcin Kaminski,FC Schalke 04,Bundesliga,2022,30,Defender,CB,1,90,0,,,,,,,,,,0,,0.001,0.001,0.001,0.001,0.001,0.001,0.013,0.013,0.013,0.013,,
Lucas Alario,Eintracht Frankfurt,Bundesliga,2022,29,Forward,FW,3,91,0,,0.068,0.067,0.068,0.067,,,,,0,,0.088,0.087,0.088,0.087,0.001,0.001,-0.071,-0.071,-0.069,-0.068,-0.002,-0.002
Derry Scherhant,Hertha BSC,Bundesliga,2022,19,Forward,FW,1,32,0,,,,,,,,,,0,,0.003,0.007,0.003,0.007,0.001,0.001,-0.007,-0.02,-0.007,-0.02,,
Xaver Schlager,RB Leipzig,Bundesliga,2022,24,Midfielder,CM,1,8,0,,,,,,,,,,0,,0,0.005,0,0.005,0,0.003,-0.012,-0.131,-0.01,-0.117,-0.001,-0.015
Stefan Posch,TSG Hoffenheim,Bundesliga,2022,,,,1,19,0,,,,,,,,,,0,,0.001,0.004,0.001,0.003,0,0.001,0.003,0.015,0.002,0.01,0.001,0.004
Makoto Hasebe,Eintracht Frankfurt,Bundesliga,2022,38,Defender,DMC,2,26,0,,,,,,,,,,0,,0.002,0.007,0.001,0.003,0,0.001,0.011,0.04,0.006,0.019,0.006,0.02
Timothy Chandler,Eintracht Frankfurt,Bundesliga,2022,32,Midfielder,FB,2,17,0,,,,,,,,,,0,,0.003,0.015,0.001,0.004,0,0.001,0.013,0.07,0.013,0.071,0,-0.002
Keven Schlotterbeck,Sport-Club Freiburg,Bundesliga,2022,25,Defender,CB,1,10,0,,,,,,,,,,0,,0,0.002,0,0.002,0,0.001,0.001,0.008,0.001,0.008,,
Aster Vranckx,VfL Wolfsburg,Bundesliga,2022,,,,1,7,0,,,,,,,,,,0,,0,0.001,0,0.001,0,0.001,0,0.006,0,0.006,,
Hugo Siquet,Sport-Club Freiburg,Bundesliga,2022,20,Defender,CB,2,15,0,,,,,,,,,,0,,0.001,0.003,0,0.002,0,0,0.003,0.021,0.006,0.033,-0.002,-0.012
Kerim Çalhanoglu,FC Schalke 04,Bundesliga,2022,20,Midfielder,WAM,2,4,0,,,,,,,,,,0,,0,0.008,0,0.008,0,-0.002,-0.006,-0.128,-0.006,-0.128,,
Luca Netz,Borussia Mönchengladbach,Bundesliga,2022,19,Defender,FB,1,90,0,,,,,,,,,,0,,0.003,0.003,0.001,0.001,0,0,0.003,0.003,0.005,0.005,-0.002,-0.002
Darko Churlinov,VfB Stuttgart,Bundesliga,2022,,,,1,26,0,,,,,,,,,,0,,,,,,0,0,,,,,,
Gabriel Vidovic,FC Bayern München,Bundesliga,2022,,,,1,18,0,,,,,,,,,,1,5,0.05,0.251,0.05,0.251,-0.001,-0.004,-0.016,-0.079,-0.016,-0.08,0,0.001
Joel Pohjanpalo,Bayer 04 Leverkusen,Bundesliga,2022,,,,1,3,0,,,,,,,,,,0,,,,,,-0.002,-0.052,0.002,0.052,,,0.002,0.052
Robert Wagner,Sport-Club Freiburg,Bundesliga,2022,19,Midfielder,CM,1,7,0,,,,,,,,,,0,,0,0.005,0,0.005,-0.002,-0.022,0.005,0.066,0.005,0.071,0,-0.005
Kevin Paredes,VfL Wolfsburg,Bundesliga,2022,19,Midfielder,CB,2,43,0,,,,,,,,,,0,,0.048,0.101,0.048,0.1,-0.002,-0.004,-0.034,-0.072,-0.062,-0.129,0.027,0.057
Vladimír Darida,Hertha BSC,Bundesliga,2022,32,Midfielder,CM,1,10,0,,,,,,,,,,0,,0,0.001,0,0.001,-0.003,-0.029,-0.001,-0.013,-0.001,-0.013,,
Josko Gvardiol,RB Leipzig,Bundesliga,2022,20,Defender,CB,5,233,0,,0.119,0.046,0.119,0.046,0.025,,0.004,,0,,0.098,0.038,0.093,0.036,-0.003,-0.001,0.263,0.101,0.267,0.103,-0.004,-0.002
Danny Latza,FC Schalke 04,Bundesliga,2022,32,Midfielder,CM,4,92,0,,0.102,0.1,0.102,0.1,,,,,0,,0.007,0.007,0.007,0.007,-0.004,-0.003,0.028,0.027,0.017,0.017,0.011,0.011
Lukas Petkov,FC Augsburg,Bundesliga,2022,21,Forward,FW,2,21,0,,,,,,,,,,0,,0.001,0.004,0.001,0.004,-0.005,-0.02,0.006,0.026,0.008,0.033,-0.002,-0.008
André Silva,RB Leipzig,Bundesliga,2022,26,Forward,FW,5,207,0,,0.434,0.189,0.434,0.189,0.257,,0.023,,0,,0.534,0.232,0.534,0.232,-0.005,-0.002,-0.004,-0.002,-0.128,-0.056,0.124,0.054
Márton Dárdai,Hertha BSC,Bundesliga,2022,20,Defender,CB,4,122,0,,0.03,0.022,0.03,0.022,,,,,0,,0.011,0.008,0.011,0.008,-0.006,-0.004,0.08,0.059,0.069,0.051,0.012,0.009
Paul Seguin,1. FC Union Berlin,Bundesliga,2022,27,Midfielder,CM,1,5,0,,,,,,,,,,0,,0.001,0.025,0.001,0.025,-0.006,-0.113,0.004,0.068,0.005,0.091,-0.001,-0.022
Florian Niederlechner,FC Augsburg,Bundesliga,2022,31,Forward,FW,4,106,0,,0.112,0.095,0.112,0.095,0.272,,0.211,,0,,0.003,0.002,0.003,0.002,-0.008,-0.006,-0.01,-0.008,-0.013,-0.011,0.003,0.003
Stefan Lainer,Borussia Mönchengladbach,Bundesliga,2022,30,Defender,FB,1,6,0,,,,,,,,,,0,,0.003,0.038,0.003,0.038,-0.008,-0.123,0.005,0.08,0.004,0.063,0.001,0.017
Alexander Sørloth,RB Leipzig,Bundesliga,2022,26,Forward,FW,1,5,0,,,,,,,,,,0,,0.011,0.204,0.011,0.204,-0.008,-0.152,-0.072,-1.301,-0.072,-1.301,,
Kevin Behrens,1. FC Union Berlin,Bundesliga,2022,31,Forward,FW,5,141,0,,0.048,0.031,0.048,0.031,0.255,,0.206,,1,0.638,0.117,0.074,0.117,0.074,-0.009,-0.006,0.164,0.105,0.116,0.074,0.048,0.031
Jordi Osei-Tutu,VfL Bochum 1848,Bundesliga,2022,23,Defender,FB,5,214,0,,0.056,0.023,0.056,0.023,0.048,,0.034,,0,,0.056,0.023,0.053,0.022,-0.01,-0.004,0.103,0.043,0.034,0.014,0.069,0.029
Myziane Maolida,Hertha BSC,Bundesliga,2022,23,Forward,WAM,1,56,0,,,,,,,,,,0,,0,0,0,0,-0.014,-0.022,0.005,0.007,0.002,0.004,0.002,0.003
Rubén Vargas,FC Augsburg,Bundesliga,2022,24,Midfielder,WAM,3,101,0,,0.065,0.058,0.065,0.058,,,,,0,,0.029,0.026,0.029,0.026,-0.014,-0.013,0.055,0.049,0.045,0.04,0.01,0.009
Muhammed Damar,TSG Hoffenheim,Bundesliga,2022,18,Midfielder,CM,2,55,0,,0.061,0.1,0.061,0.1,,,,,0,,0.029,0.048,0.029,0.048,-0.016,-0.027,0.047,0.076,0.037,0.06,0.01,0.016
Jonas Wind,VfL Wolfsburg,Bundesliga,2022,23,Forward,FW,1,34,0,,,,,,,,,,0,,0.019,0.049,0.019,0.049,-0.018,-0.049,-0.053,-0.14,-0.001,-0.003,-0.052,-0.137
Kristijan Jakic,Eintracht Frankfurt,Bundesliga,2022,25,Midfielder,DMC,5,315,0,,0.091,0.026,0.091,0.026,0.069,,-0.007,,0,,0.094,0.027,0.086,0.025,-0.02,-0.006,0.29,0.083,0.254,0.073,0.035,0.01
Almamy Touré,Eintracht Frankfurt,Bundesliga,2022,26,Defender,FB,2,163,0,,0.039,0.021,0.039,0.021,,,,,0,,0.008,0.004,0.007,0.004,-0.02,-0.011,0.059,0.033,0.04,0.022,0.02,0.011
Ozan Kabak,TSG Hoffenheim,Bundesliga,2022,22,Defender,CB,5,450,1,0.2,0.173,0.035,0.173,0.035,0.204,,0.162,,0,,0.09,0.018,0.09,0.018,-0.027,-0.005,0.353,0.071,0.132,0.026,0.221,0.044
Silvère Ganvoula,VfL Bochum 1848,Bundesliga,2022,26,Forward,FW,2,15,0,,,,,,,,,,0,,0.002,0.014,0.002,0.014,-0.029,-0.174,-0.019,-0.114,-0.019,-0.114,,
Robert Gumny,FC Augsburg,Bundesliga,2022,24,Defender,FB,3,188,0,,,,,,,,,,0,,0.008,0.004,0.008,0.004,-0.031,-0.015,0.026,0.013,0.025,0.012,0.001,0.001
Christopher Trimmel,1. FC Union Berlin,Bundesliga,2022,35,Defender,FB,4,278,0,,0.039,0.012,0.039,0.012,0.015,,-0.013,,2,0.647,0.071,0.023,0.039,0.013,-0.031,-0.01,0.116,0.037,0.104,0.034,0.012,0.004
Sasa Kalajdzic,VfB Stuttgart,Bundesliga,2022,,,,3,235,0,,0.268,0.103,0.268,0.103,0.209,,0.147,,3,1.149,0.373,0.143,0.373,0.143,-0.032,-0.012,-0.035,-0.013,-0.031,-0.012,-0.004,-0.001
Adam Hlozek,Bayer 04 Leverkusen,Bundesliga,2022,20,Forward,FW,3,152,0,,0.208,0.123,0.208,0.123,0.534,,0.451,,0,,0.407,0.241,0.165,0.098,-0.042,-0.025,-0.007,-0.004,-0.023,-0.014,0.016,0.009
Marcus Ingvartsen,1. FSV Mainz 05,Bundesliga,2022,26,Forward,CAM,1,75,0,,,,,,,,,,0,,0.003,0.003,0.003,0.003,-0.045,-0.054,-0.006,-0.007,-0.007,-0.009,0.002,0.002
Naouirou Ahamada,VfB Stuttgart,Bundesliga,2022,20,Midfielder,CM,5,429,1,0.21,0.048,0.01,0.048,0.01,0.43,,0.382,,0,,0.109,0.023,0.109,0.023,-0.058,-0.012,0.11,0.023,-0.003,-0.001,0.113,0.024
Milos Pantovic,1. FC Union Berlin,Bundesliga,2022,26,Midfielder,WAM,2,27,0,,0.064,0.213,0.064,0.213,,,,,0,,0.029,0.098,0.029,0.098,-0.066,-0.222,0.004,0.012,-0.001,-0.002,0.004,0.014
Delano Burgzorg,1. FSV Mainz 05,Bundesliga,2022,23,Forward,WAM,5,107,0,,0.031,0.026,0.031,0.026,,,,,0,,0.065,0.054,0.064,0.054,-0.071,-0.06,0.061,0.051,0.052,0.043,0.009,0.008
Mathys Tel,FC Bayern München,Bundesliga,2022,17,Forward,FW,2,35,0,,0.022,0.056,0.022,0.056,,,,,0,,0.021,0.054,0.021,0.054,-0.093,-0.24,-0.048,-0.124,-0.017,-0.043,-0.032,-0.081
Leandro Barreiro,1. FSV Mainz 05,Bundesliga,2022,22,Midfielder,CM,5,137,0,,0.183,0.12,0.183,0.12,0.376,,0.321,,0,,0.061,0.04,0.061,0.04,-0.098,-0.064,-0.123,-0.081,-0.029,-0.019,-0.094,-0.062
Christian Groß,SV Werder Bremen,Bundesliga,2022,33,Defender,DMC,4,325,0,,0.015,0.004,0.015,0.004,,,,,0,,0.038,0.011,0.038,0.01,-0.182,-0.05,0.07,0.019,0.021,0.006,0.049,0.014
Morten Thorsby,1. FC Union Berlin,Bundesliga,2022,26,Midfielder,CM,4,196,1,0.459,0.352,0.162,0.352,0.162,0.094,,-0.009,,0,,0.01,0.005,0.01,0.005,-0.185,-0.085,0.023,0.011,0.013,0.006,0.011,0.005
Sebastian Polter,FC Schalke 04,Bundesliga,2022,31,Forward,FW,5,175,0,,0.192,0.099,0.192,0.099,0.556,,0.364,,0,,0.059,0.03,0.059,0.03,-0.187,-0.096,-0.368,-0.189,-0.46,-0.237,0.093,0.048
Omar Marmoush,VfL Wolfsburg,Bundesliga,2022,23,Forward,FW,5,284,0,,0.518,0.164,0.518,0.164,0.18,,0.134,,0,,0.092,0.029,0.092,0.029,-0.191,-0.061,0.096,0.031,0.052,0.017,0.044,0.014
Piero Hincapié,Bayer 04 Leverkusen,Bundesliga,2022,20,Defender,CB,4,273,0,,0.11,0.036,0.11,0.036,,,,,0,,0.075,0.025,0.07,0.023,-0.231,-0.076,0.074,0.025,0.045,0.015,0.029,0.01
Luca Kilian,1. FC Köln,Bundesliga,2022,23,Defender,CB,5,450,1,0.2,0.783,0.157,0.783,0.157,0.7,,0.052,,0,,0.043,0.009,0.043,0.009,-0.415,-0.083,0.106,0.021,0.184,0.037,-0.079,-0.016
Sebastiaan Bornauw,VfL Wolfsburg,Bundesliga,2022,23,Defender,CB,4,270,0,,,,,,,,,,0,,0.021,0.007,0.02,0.007,-0.434,-0.145,0.11,0.037,0.101,0.034,0.009,0.003
Hrvoje Smolcic,Eintracht Frankfurt,Bundesliga,2022,22,Defender,CB,1,3,0,,,,,,,,,,0,,0.001,0.028,0.001,0.024,,,0.007,0.218,0,-0.015,0.008,0.233
Angelo Stiller,TSG Hoffenheim,Bundesliga,2022,21,Midfielder,DMC,1,5,0,,,,,,,,,,0,,,,,,,,-0.003,-0.05,-0.002,-0.037,-0.001,-0.013
Clinton Mola,VfB Stuttgart,Bundesliga,2022,,,,1,14,0,,,,,,,,,,0,,0,0.002,,,,,0.001,0.006,0.001,0.006,,